date,price,cdi_rate
2010-01-04,8.61,0.000327804900033
2010-01-05,8.61,0.000327804900033
2010-01-06,8.61,0.000327804900033
2010-01-07,8.62,0.0003281703703188
2010-01-08,8.62,0.0003281703703188
2010-01-11,8.62,0.0003281703703188
2010-01-12,8.62,0.0003281703703188
2010-01-13,8.62,0.0003281703703188
2010-01-14,8.62,0.0003281703703188
2010-01-15,8.61,0.000327804900033
2010-01-18,8.61,0.000327804900033
2010-01-19,8.61,0.000327804900033
2010-01-20,8.62,0.0003281703703188
2010-01-21,8.62,0.0003281703703188
2010-01-22,8.62,0.0003281703703188
2010-01-25,8.62,0.0003281703703188
2010-01-26,8.62,0.0003281703703188
2010-01-27,8.62,0.0003281703703188
2010-01-28,8.62,0.0003281703703188
2010-01-29,8.63,0.000328535807093
2010-02-01,8.63,0.000328535807093
2010-02-02,8.62,0.0003281703703188
2010-02-03,8.61,0.000327804900033
2010-02-04,8.62,0.0003281703703188
2010-02-05,8.62,0.0003281703703188
2010-02-08,8.62,0.0003281703703188
2010-02-09,8.62,0.0003281703703188
2010-02-10,8.62,0.0003281703703188
2010-02-11,8.62,0.0003281703703188
2010-02-12,8.62,0.0003281703703188
2010-02-17,8.62,0.0003281703703188
2010-02-18,8.63,0.000328535807093
2010-02-19,8.63,0.000328535807093
2010-02-22,8.63,0.000328535807093
2010-02-23,8.63,0.000328535807093
2010-02-24,8.62,0.0003281703703188
2010-02-25,8.62,0.0003281703703188
2010-02-26,8.62,0.0003281703703188
2010-03-01,8.61,0.000327804900033
2010-03-02,8.62,0.0003281703703188
2010-03-03,8.62,0.0003281703703188
2010-03-04,8.61,0.000327804900033
2010-03-05,8.61,0.000327804900033
2010-03-08,8.63,0.000328535807093
2010-03-09,8.63,0.000328535807093
2010-03-10,8.63,0.000328535807093
2010-03-11,8.62,0.0003281703703188
2010-03-12,8.61,0.000327804900033
2010-03-15,8.62,0.0003281703703188
2010-03-16,8.61,0.000327804900033
2010-03-17,8.62,0.0003281703703188
2010-03-18,8.61,0.000327804900033
2010-03-19,8.62,0.0003281703703188
2010-03-22,8.62,0.0003281703703188
2010-03-23,8.62,0.0003281703703188
2010-03-24,8.62,0.0003281703703188
2010-03-25,8.61,0.000327804900033
2010-03-26,8.6,0.0003274393962294
2010-03-29,8.56,0.000325977045714
2010-03-30,8.59,0.0003270738589018
2010-03-31,8.61,0.000327804900033
2010-04-01,8.58,0.0003267082880443
2010-04-05,8.61,0.000327804900033
2010-04-06,8.62,0.0003281703703188
2010-04-07,8.63,0.000328535807093
2010-04-08,8.62,0.0003281703703188
2010-04-09,8.62,0.0003281703703188
2010-04-12,8.63,0.000328535807093
2010-04-13,8.62,0.0003281703703188
2010-04-14,8.61,0.000327804900033
2010-04-15,8.62,0.0003281703703188
2010-04-16,8.63,0.000328535807093
2010-04-19,8.63,0.000328535807093
2010-04-20,8.63,0.000328535807093
2010-04-22,8.62,0.0003281703703188
2010-04-23,8.62,0.0003281703703188
2010-04-26,8.62,0.0003281703703188
2010-04-27,8.63,0.000328535807093
2010-04-28,8.62,0.0003281703703188
2010-04-29,9.38,0.0003558485051367
2010-04-30,9.38,0.0003558485051367
2010-05-03,9.41,0.0003569371293655
2010-05-04,9.41,0.0003569371293655
2010-05-05,9.41,0.0003569371293655
2010-05-06,9.39,0.0003562114129201
2010-05-07,9.39,0.0003562114129201
2010-05-10,9.38,0.0003558485051367
2010-05-11,9.37,0.0003554855643049
2010-05-12,9.38,0.0003558485051367
2010-05-13,9.38,0.0003558485051367
2010-05-14,9.38,0.0003558485051367
2010-05-17,9.38,0.0003558485051367
2010-05-18,9.37,0.0003554855643049
2010-05-19,9.37,0.0003554855643049
2010-05-20,9.37,0.0003554855643049
2010-05-21,9.37,0.0003554855643049
2010-05-24,9.38,0.0003558485051367
2010-05-25,9.38,0.0003558485051367
2010-05-26,9.38,0.0003558485051367
2010-05-27,9.37,0.0003554855643049
2010-05-28,9.38,0.0003558485051367
2010-05-31,9.37,0.0003554855643049
2010-06-01,9.4,0.000356574287661
2010-06-02,9.4,0.000356574287661
2010-06-04,9.39,0.0003562114129201
2010-06-07,9.4,0.000356574287661
2010-06-08,9.39,0.0003562114129201
2010-06-09,9.38,0.0003558485051367
2010-06-10,10.12,0.0003826148223789
2010-06-11,10.08,0.0003811725809755
2010-06-14,10.11,0.0003822543109528
2010-06-15,10.13,0.0003829753011984
2010-06-16,10.12,0.0003826148223789
2010-06-17,10.12,0.0003826148223789
2010-06-18,10.13,0.0003829753011984
2010-06-21,10.13,0.0003829753011984
2010-06-22,10.13,0.0003829753011984
2010-06-23,10.13,0.0003829753011984
2010-06-24,10.13,0.0003829753011984
2010-06-25,10.13,0.0003829753011984
2010-06-28,10.13,0.0003829753011984
2010-06-29,10.13,0.0003829753011984
2010-06-30,10.12,0.0003826148223789
2010-07-01,10.14,0.000383335747417
2010-07-02,10.14,0.000383335747417
2010-07-05,10.14,0.000383335747417
2010-07-06,10.14,0.000383335747417
2010-07-07,10.14,0.000383335747417
2010-07-08,10.14,0.000383335747417
2010-07-09,10.14,0.000383335747417
2010-07-12,10.14,0.000383335747417
2010-07-13,10.14,0.000383335747417
2010-07-14,10.13,0.0003829753011984
2010-07-15,10.14,0.000383335747417
2010-07-16,10.14,0.000383335747417
2010-07-19,10.13,0.0003829753011984
2010-07-20,10.14,0.000383335747417
2010-07-21,10.14,0.000383335747417
2010-07-22,10.64,0.000401316622519
2010-07-23,10.64,0.000401316622519
2010-07-26,10.64,0.000401316622519
2010-07-27,10.63,0.0004009577988386
2010-07-28,10.63,0.0004009577988386
2010-07-29,10.63,0.0004009577988386
2010-07-30,10.63,0.0004009577988386
2010-08-02,10.65,0.0004016754138976
2010-08-03,10.64,0.000401316622519
2010-08-04,10.64,0.000401316622519
2010-08-05,10.64,0.000401316622519
2010-08-06,10.64,0.000401316622519
2010-08-09,10.64,0.000401316622519
2010-08-10,10.64,0.000401316622519
2010-08-11,10.64,0.000401316622519
2010-08-12,10.64,0.000401316622519
2010-08-13,10.64,0.000401316622519
2010-08-16,10.64,0.000401316622519
2010-08-17,10.64,0.000401316622519
2010-08-18,10.63,0.0004009577988386
2010-08-19,10.63,0.0004009577988386
2010-08-20,10.63,0.0004009577988386
2010-08-23,10.63,0.0004009577988386
2010-08-24,10.63,0.0004009577988386
2010-08-25,10.64,0.000401316622519
2010-08-26,10.63,0.0004009577988386
2010-08-27,10.64,0.000401316622519
2010-08-30,10.61,0.0004002400545506
2010-08-31,10.63,0.0004009577988386
2010-09-01,10.63,0.0004009577988386
2010-09-02,10.63,0.0004009577988386
2010-09-03,10.62,0.0004005989428513
2010-09-06,10.61,0.0004002400545506
2010-09-08,10.62,0.0004005989428513
2010-09-09,10.64,0.000401316622519
2010-09-10,10.63,0.0004009577988386
2010-09-13,10.62,0.0004005989428513
2010-09-14,10.62,0.0004005989428513
2010-09-15,10.58,0.0003991631957116
2010-09-16,10.6,0.000399881133931
2010-09-17,10.62,0.0004005989428513
2010-09-20,10.62,0.0004005989428513
2010-09-21,10.62,0.0004005989428513
2010-09-22,10.62,0.0004005989428513
2010-09-23,10.63,0.0004009577988386
2010-09-24,10.63,0.0004009577988386
2010-09-27,10.63,0.0004009577988386
2010-09-28,10.62,0.0004005989428513
2010-09-29,10.6,0.000399881133931
2010-09-30,10.61,0.0004002400545506
2010-10-01,10.64,0.000401316622519
2010-10-04,10.64,0.000401316622519
2010-10-05,10.64,0.000401316622519
2010-10-06,10.64,0.000401316622519
2010-10-07,10.64,0.000401316622519
2010-10-08,10.64,0.000401316622519
2010-10-11,10.64,0.000401316622519
2010-10-13,10.64,0.000401316622519
2010-10-14,10.63,0.0004009577988386
2010-10-15,10.64,0.000401316622519
2010-10-18,10.64,0.000401316622519
2010-10-19,10.64,0.000401316622519
2010-10-20,10.64,0.000401316622519
2010-10-21,10.64,0.000401316622519
2010-10-22,10.64,0.000401316622519
2010-10-25,10.64,0.000401316622519
2010-10-26,10.64,0.000401316622519
2010-10-27,10.64,0.000401316622519
2010-10-28,10.64,0.000401316622519
2010-10-29,10.64,0.000401316622519
2010-11-01,10.64,0.000401316622519
2010-11-03,10.64,0.000401316622519
2010-11-04,10.64,0.000401316622519
2010-11-05,10.64,0.000401316622519
2010-11-08,10.64,0.000401316622519
2010-11-09,10.64,0.000401316622519
2010-11-10,10.63,0.0004009577988386
2010-11-11,10.63,0.0004009577988386
2010-11-12,10.64,0.000401316622519
2010-11-16,10.64,0.000401316622519
2010-11-17,10.64,0.000401316622519
2010-11-18,10.64,0.000401316622519
2010-11-19,10.64,0.000401316622519
2010-11-22,10.64,0.000401316622519
2010-11-23,10.64,0.000401316622519
2010-11-24,10.64,0.000401316622519
2010-11-25,10.64,0.000401316622519
2010-11-26,10.64,0.000401316622519
2010-11-29,10.64,0.000401316622519
2010-11-30,10.64,0.000401316622519
2010-12-01,10.64,0.000401316622519
2010-12-02,10.64,0.000401316622519
2010-12-03,10.64,0.000401316622519
2010-12-06,10.64,0.000401316622519
2010-12-07,10.64,0.000401316622519
2010-12-08,10.64,0.000401316622519
2010-12-09,10.64,0.000401316622519
2010-12-10,10.65,0.0004016754138976
2010-12-13,10.64,0.000401316622519
2010-12-14,10.64,0.000401316622519
2010-12-15,10.64,0.000401316622519
2010-12-16,10.64,0.000401316622519
2010-12-17,10.64,0.000401316622519
2010-12-20,10.64,0.000401316622519
2010-12-21,10.64,0.000401316622519
2010-12-22,10.64,0.000401316622519
2010-12-23,10.64,0.000401316622519
2010-12-24,10.64,0.000401316622519
2010-12-27,10.64,0.000401316622519
2010-12-28,10.64,0.000401316622519
2010-12-29,10.64,0.000401316622519
2010-12-30,10.64,0.000401316622519
2010-12-31,10.64,0.000401316622519
2011-01-03,10.64,0.000401316622519
2011-01-04,10.64,0.000401316622519
2011-01-05,10.64,0.000401316622519
2011-01-06,10.64,0.000401316622519
2011-01-07,10.64,0.000401316622519
2011-01-10,10.64,0.000401316622519
2011-01-11,10.64,0.000401316622519
2011-01-12,10.64,0.000401316622519
2011-01-13,10.64,0.000401316622519
2011-01-14,10.64,0.000401316622519
2011-01-17,10.64,0.000401316622519
2011-01-18,10.64,0.000401316622519
2011-01-19,10.64,0.000401316622519
2011-01-20,11.14,0.000419216743073
2011-01-21,11.14,0.000419216743073
2011-01-24,11.14,0.000419216743073
2011-01-25,11.14,0.000419216743073
2011-01-26,11.14,0.000419216743073
2011-01-27,11.14,0.000419216743073
2011-01-28,11.14,0.000419216743073
2011-01-31,11.14,0.000419216743073
2011-02-01,11.14,0.000419216743073
2011-02-02,11.14,0.000419216743073
2011-02-03,11.14,0.000419216743073
2011-02-04,11.14,0.000419216743073
2011-02-07,11.14,0.000419216743073
2011-02-08,11.14,0.000419216743073
2011-02-09,11.14,0.000419216743073
2011-02-10,11.15,0.0004195739267734
2011-02-11,11.14,0.000419216743073
2011-02-14,11.15,0.0004195739267734
2011-02-15,11.15,0.0004195739267734
2011-02-16,11.15,0.0004195739267734
2011-02-17,11.15,0.0004195739267734
2011-02-18,11.16,0.0004199310784674
2011-02-21,11.16,0.0004199310784674
2011-02-22,11.16,0.0004199310784674
2011-02-23,11.16,0.0004199310784674
2011-02-24,11.16,0.0004199310784674
2011-02-25,11.16,0.0004199310784674
2011-02-28,11.15,0.0004195739267734
2011-03-01,11.16,0.0004199310784674
2011-03-02,11.16,0.0004199310784674
2011-03-03,11.64,0.0004370368326221
2011-03-04,11.64,0.0004370368326221
2011-03-09,11.64,0.0004370368326221
2011-03-10,11.64,0.0004370368326221
2011-03-11,11.64,0.0004370368326221
2011-03-14,11.64,0.0004370368326221
2011-03-15,11.65,0.0004373924230159
2011-03-16,11.65,0.0004373924230159
2011-03-17,11.64,0.0004370368326221
2011-03-18,11.65,0.0004373924230159
2011-03-21,11.64,0.0004370368326221
2011-03-22,11.64,0.0004370368326221
2011-03-23,11.65,0.0004373924230159
2011-03-24,11.65,0.0004373924230159
2011-03-25,11.65,0.0004373924230159
2011-03-28,11.66,0.0004377479816886
2011-03-29,11.66,0.0004377479816886
2011-03-30,11.66,0.0004377479816886
2011-03-31,11.66,0.0004377479816886
2011-04-01,11.67,0.000438103508646
2011-04-04,11.66,0.0004377479816886
2011-04-05,11.65,0.0004373924230159
2011-04-06,11.64,0.0004370368326221
2011-04-07,11.65,0.0004373924230159
2011-04-08,11.64,0.0004370368326221
2011-04-11,11.64,0.0004370368326221
2011-04-12,11.63,0.0004366812105021
2011-04-13,11.65,0.0004373924230159
2011-04-14,11.66,0.0004377479816886
2011-04-15,11.66,0.0004377479816886
2011-04-18,11.69,0.0004388144674383
2011-04-19,11.66,0.0004377479816886
2011-04-20,11.64,0.0004370368326221
2011-04-25,11.88,0.0004455622585691
2011-04-26,11.89,0.0004459170892237
2011-04-27,11.89,0.0004459170892237
2011-04-28,11.89,0.0004459170892237
2011-04-29,11.91,0.0004466266557828
2011-05-02,11.9,0.0004462718882929
2011-05-03,11.9,0.0004462718882929
2011-05-04,11.9,0.0004462718882929
2011-05-05,11.9,0.0004462718882929
2011-05-06,11.9,0.0004462718882929
2011-05-09,11.89,0.0004459170892237
2011-05-10,11.89,0.0004459170892237
2011-05-11,11.88,0.0004455622585691
2011-05-12,11.87,0.0004452073963235
2011-05-13,11.87,0.0004452073963235
2011-05-16,11.86,0.0004448525024816
2011-05-17,11.88,0.0004455622585691
2011-05-18,11.88,0.0004455622585691
2011-05-19,11.88,0.0004455622585691
2011-05-20,11.9,0.0004462718882929
2011-05-23,11.9,0.0004462718882929
2011-05-24,11.89,0.0004459170892237
2011-05-25,11.89,0.0004459170892237
2011-05-26,11.88,0.0004455622585691
2011-05-27,11.89,0.0004459170892237
2011-05-30,11.88,0.0004455622585691
2011-05-31,11.85,0.0004444975770377
2011-06-01,11.91,0.0004466266557828
2011-06-02,11.89,0.0004459170892237
2011-06-03,11.89,0.0004459170892237
2011-06-06,11.91,0.0004466266557828
2011-06-07,11.89,0.0004459170892237
2011-06-08,11.88,0.0004455622585691
2011-06-09,12.07,0.0004522986453899
2011-06-10,12.09,0.0004530070769067
2011-06-13,12.07,0.0004522986453899
2011-06-14,12.06,0.000451944382408
2011-06-15,12.13,0.0004544235623112
2011-06-16,12.13,0.0004544235623112
2011-06-17,12.13,0.0004544235623112
2011-06-20,12.12,0.0004540694881496
2011-06-21,12.14,0.0004547776050223
2011-06-22,12.13,0.0004544235623112
2011-06-24,12.12,0.0004540694881496
2011-06-27,12.12,0.0004540694881496
2011-06-28,12.11,0.0004537153825321
2011-06-29,12.12,0.0004540694881496
2011-06-30,12.15,0.0004551316162889
2011-07-01,12.15,0.0004551316162889
2011-07-04,12.15,0.0004551316162889
2011-07-05,12.16,0.0004554855961159
2011-07-06,12.15,0.0004551316162889
2011-07-07,12.15,0.0004551316162889
2011-07-08,12.15,0.0004551316162889
2011-07-11,12.15,0.0004551316162889
2011-07-12,12.15,0.0004551316162889
2011-07-13,12.16,0.0004554855961159
2011-07-14,12.16,0.0004554855961159
2011-07-15,12.16,0.0004554855961159
2011-07-18,12.16,0.0004554855961159
2011-07-19,12.15,0.0004551316162889
2011-07-20,12.15,0.0004551316162889
2011-07-21,12.4,0.0004639716947261
2011-07-22,12.4,0.0004639716947261
2011-07-25,12.41,0.0004643248903873
2011-07-26,12.4,0.0004639716947261
2011-07-27,12.4,0.0004639716947261
2011-07-28,12.4,0.0004639716947261
2011-07-29,12.4,0.0004639716947261
2011-08-01,12.41,0.0004643248903873
2011-08-02,12.4,0.0004639716947261
2011-08-03,12.4,0.0004639716947261
2011-08-04,12.4,0.0004639716947261
2011-08-05,12.4,0.0004639716947261
2011-08-08,12.4,0.0004639716947261
2011-08-09,12.4,0.0004639716947261
2011-08-10,12.4,0.0004639716947261
2011-08-11,12.4,0.0004639716947261
2011-08-12,12.4,0.0004639716947261
2011-08-15,12.4,0.0004639716947261
2011-08-16,12.4,0.0004639716947261
2011-08-17,12.4,0.0004639716947261
2011-08-18,12.39,0.0004636184677653
2011-08-19,12.4,0.0004639716947261
2011-08-22,12.39,0.0004636184677653
2011-08-23,12.4,0.0004639716947261
2011-08-24,12.4,0.0004639716947261
2011-08-25,12.39,0.0004636184677653
2011-08-26,12.39,0.0004636184677653
2011-08-29,12.39,0.0004636184677653
2011-08-30,12.39,0.0004636184677653
2011-08-31,12.39,0.0004636184677653
2011-09-01,11.88,0.0004455622585691
2011-09-02,11.88,0.0004455622585691
2011-09-05,11.88,0.0004455622585691
2011-09-06,11.88,0.0004455622585691
2011-09-08,11.88,0.0004455622585691
2011-09-09,11.88,0.0004455622585691
2011-09-12,11.88,0.0004455622585691
2011-09-13,11.88,0.0004455622585691
2011-09-14,11.88,0.0004455622585691
2011-09-15,11.88,0.0004455622585691
2011-09-16,11.88,0.0004455622585691
2011-09-19,11.87,0.0004452073963235
2011-09-20,11.87,0.0004452073963235
2011-09-21,11.88,0.0004455622585691
2011-09-22,11.88,0.0004455622585691
2011-09-23,11.88,0.0004455622585691
2011-09-26,11.88,0.0004455622585691
2011-09-27,11.88,0.0004455622585691
2011-09-28,11.88,0.0004455622585691
2011-09-29,11.88,0.0004455622585691
2011-09-30,11.88,0.0004455622585691
2011-10-03,11.89,0.0004459170892237
2011-10-04,11.88,0.0004455622585691
2011-10-05,11.88,0.0004455622585691
2011-10-06,11.88,0.0004455622585691
2011-10-07,11.88,0.0004455622585691
2011-10-10,11.88,0.0004455622585691
2011-10-11,11.88,0.0004455622585691
2011-10-13,11.87,0.0004452073963235
2011-10-14,11.87,0.0004452073963235
2011-10-17,11.87,0.0004452073963235
2011-10-18,11.87,0.0004452073963235
2011-10-19,11.88,0.0004455622585691
2011-10-20,11.39,0.0004281367468821
2011-10-21,11.39,0.0004281367468821
2011-10-24,11.39,0.0004281367468821
2011-10-25,11.39,0.0004281367468821
2011-10-26,11.39,0.0004281367468821
2011-10-27,11.39,0.0004281367468821
2011-10-28,11.39,0.0004281367468821
2011-10-31,11.39,0.0004281367468821
2011-11-01,11.39,0.0004281367468821
2011-11-03,11.4,0.0004284931321448
2011-11-04,11.39,0.0004281367468821
2011-11-07,11.42,0.0004292058070865
2011-11-08,11.39,0.0004281367468821
2011-11-09,11.38,0.0004277803297508
2011-11-10,11.37,0.0004274238807447
2011-11-11,11.37,0.0004274238807447
2011-11-14,11.35,0.0004267108870861
2011-11-16,11.36,0.0004270673998583
2011-11-17,11.36,0.0004270673998583
2011-11-18,11.37,0.0004274238807447
2011-11-21,11.38,0.0004277803297508
2011-11-22,11.38,0.0004277803297508
2011-11-23,11.38,0.0004277803297508
2011-11-24,11.38,0.0004277803297508
2011-11-25,11.36,0.0004270673998583
2011-11-28,11.35,0.0004267108870861
2011-11-29,11.34,0.0004263543424221
2011-11-30,11.36,0.0004270673998583
2011-12-01,10.87,0.0004095606637273
2011-12-02,10.88,0.0004099187137765
2011-12-05,10.89,0.0004102767316638
2011-12-06,10.88,0.0004099187137765
2011-12-07,10.87,0.0004095606637273
2011-12-08,10.85,0.0004088444671191
2011-12-09,10.83,0.0004081281417931
2011-12-12,10.82,0.0004077699308465
2011-12-13,10.83,0.0004081281417931
2011-12-14,10.86,0.0004092025815101
2011-12-15,10.87,0.0004095606637273
2011-12-16,10.88,0.0004099187137765
2011-12-19,10.89,0.0004102767316638
2011-12-20,10.9,0.0004106347173949
2011-12-21,10.89,0.0004102767316638
2011-12-22,10.88,0.0004099187137765
2011-12-23,10.88,0.0004099187137765
2011-12-26,10.85,0.0004088444671191
2011-12-27,10.86,0.0004092025815101
2011-12-28,10.85,0.0004088444671191
2011-12-29,10.87,0.0004095606637273
2011-12-30,10.87,0.0004095606637273
2012-01-02,10.89,0.0004102767316638
2012-01-03,10.88,0.0004099187137765
2012-01-04,10.88,0.0004099187137765
2012-01-05,10.85,0.0004088444671191
2012-01-06,10.86,0.0004092025815101
2012-01-09,10.82,0.0004077699308465
2012-01-10,10.83,0.0004081281417931
2012-01-11,10.82,0.0004077699308465
2012-01-12,10.81,0.0004074116877031
2012-01-13,10.82,0.0004077699308465
2012-01-16,10.82,0.0004077699308465
2012-01-17,10.81,0.0004074116877031
2012-01-18,10.8,0.0004070534123568
2012-01-19,10.31,0.0003894583509376
2012-01-20,10.32,0.0003898182113513
2012-01-23,10.32,0.0003898182113513
2012-01-24,10.33,0.0003901780392763
2012-01-25,10.33,0.0003901780392763
2012-01-26,10.31,0.0003894583509376
2012-01-27,10.3,0.0003890984580293
2012-01-30,10.3,0.0003890984580293
2012-01-31,10.31,0.0003894583509376
2012-02-01,10.3,0.0003890984580293
2012-02-02,10.3,0.0003890984580293
2012-02-03,10.32,0.0003898182113513
2012-02-06,10.3,0.0003890984580293
2012-02-07,10.3,0.0003890984580293
2012-02-08,10.29,0.0003887385326202
2012-02-09,10.3,0.0003890984580293
2012-02-10,10.3,0.0003890984580293
2012-02-13,10.28,0.0003883785747048
2012-02-14,10.29,0.0003887385326202
2012-02-15,10.29,0.0003887385326202
2012-02-16,10.28,0.0003883785747048
2012-02-17,10.32,0.0003898182113513
2012-02-22,10.29,0.0003887385326202
2012-02-23,10.29,0.0003887385326202
2012-02-24,10.31,0.0003894583509376
2012-02-27,10.31,0.0003894583509376
2012-02-28,10.28,0.0003883785747048
2012-02-29,10.27,0.0003880185842771
2012-03-01,10.27,0.0003880185842771
2012-03-02,10.26,0.0003876585613312
2012-03-05,10.26,0.0003876585613312
2012-03-06,10.25,0.0003872985058613
2012-03-07,10.22,0.000386218144248
2012-03-08,9.53,0.000361288655172
2012-03-09,9.51,0.0003605637307333
2012-03-12,9.48,0.0003594760967838
2012-03-13,9.46,0.0003587508425529
2012-03-14,9.45,0.0003583881659399
2012-03-15,9.45,0.0003583881659399
2012-03-16,9.49,0.0003598386744139
2012-03-19,9.48,0.0003594760967838
2012-03-20,9.48,0.0003594760967838
2012-03-21,9.48,0.0003594760967838
2012-03-22,9.48,0.0003594760967838
2012-03-23,9.52,0.0003609262094346
2012-03-26,9.49,0.0003598386744139
2012-03-27,9.49,0.0003598386744139
2012-03-28,9.48,0.0003594760967838
2012-03-29,9.48,0.0003594760967838
2012-03-30,9.52,0.0003609262094346
2012-04-02,9.5,0.0003602012190618
2012-04-03,9.5,0.0003602012190618
2012-04-04,9.53,0.000361288655172
2012-04-05,9.52,0.0003609262094346
2012-04-09,9.5,0.0003602012190618
2012-04-10,9.52,0.0003609262094346
2012-04-11,9.49,0.0003598386744139
2012-04-12,9.48,0.0003594760967838
2012-04-13,9.48,0.0003594760967838
2012-04-16,9.47,0.0003591134861654
2012-04-17,9.46,0.0003587508425529
2012-04-18,9.47,0.0003591134861654
2012-04-19,8.72,0.0003318232310527
2012-04-20,8.73,0.0003321883330489
2012-04-23,8.77,0.0003336484066554
2012-04-24,8.72,0.0003318232310527
2012-04-25,8.72,0.0003318232310527
2012-04-26,8.72,0.0003318232310527
2012-04-27,8.73,0.0003321883330489
2012-04-30,8.7,0.0003310929267037
2012-05-02,8.76,0.0003332834383984
2012-05-03,8.76,0.0003332834383984
2012-05-04,8.71,0.0003314580956064
2012-05-07,8.71,0.0003314580956064
2012-05-08,8.69,0.0003307277243385
2012-05-09,8.69,0.0003307277243385
2012-05-10,8.68,0.0003303624885049
2012-05-11,8.68,0.0003303624885049
2012-05-14,8.63,0.000328535807093
2012-05-15,8.72,0.0003318232310527
2012-05-16,8.73,0.0003321883330489
2012-05-17,8.74,0.0003325534016012
2012-05-18,8.76,0.0003332834383984
2012-05-21,8.73,0.0003321883330489
2012-05-22,8.77,0.0003336484066554
2012-05-23,8.78,0.0003340133414931
2012-05-24,8.78,0.0003340133414931
2012-05-25,8.79,0.0003343782429175
2012-05-28,8.78,0.0003340133414931
2012-05-29,8.79,0.0003343782429175
2012-05-30,8.81,0.0003351079455507
2012-05-31,8.33,0.0003175581012567
2012-06-01,8.34,0.0003179245123748
2012-06-04,8.35,0.0003182908898083
2012-06-05,8.36,0.0003186572335632
2012-06-06,8.32,0.0003171916564475
2012-06-08,8.36,0.0003186572335632
2012-06-11,8.32,0.0003171916564475
2012-06-12,8.34,0.0003179245123748
2012-06-13,8.35,0.0003182908898083
2012-06-14,8.34,0.0003179245123748
2012-06-15,8.32,0.0003171916564475
2012-06-18,8.35,0.0003182908898083
2012-06-19,8.32,0.0003171916564475
2012-06-20,8.37,0.0003190235436459
2012-06-21,8.38,0.0003193898200624
2012-06-22,8.36,0.0003186572335632
2012-06-25,8.38,0.0003193898200624
2012-06-26,8.35,0.0003182908898083
2012-06-27,8.37,0.0003190235436459
2012-06-28,8.36,0.0003186572335632
2012-06-29,8.38,0.0003193898200624
2012-07-02,8.36,0.0003186572335632
2012-07-03,8.36,0.0003186572335632
2012-07-04,8.37,0.0003190235436459
2012-07-05,8.36,0.0003186572335632
2012-07-06,8.34,0.0003179245123748
2012-07-09,8.36,0.0003186572335632
2012-07-10,8.32,0.0003171916564475
2012-07-11,8.3,0.0003164586657314
2012-07-12,7.85,0.0002999306322919
2012-07-13,7.83,0.0002991944596806
2012-07-16,7.85,0.0002999306322919
2012-07-17,7.82,0.0002988263223729
2012-07-18,7.8,0.0002980899457219
2012-07-19,7.83,0.0002991944596806
2012-07-20,7.84,0.0002995625629849
2012-07-23,7.84,0.0002995625629849
2012-07-24,7.82,0.0002988263223729
2012-07-25,7.84,0.0002995625629849
2012-07-26,7.81,0.0002984581510554
2012-07-27,7.79,0.000297721706366
2012-07-30,7.83,0.0002991944596806
2012-07-31,7.83,0.0002991944596806
2012-08-01,7.83,0.0002991944596806
2012-08-02,7.82,0.0002988263223729
2012-08-03,7.83,0.0002991944596806
2012-08-06,7.82,0.0002988263223729
2012-08-07,7.82,0.0002988263223729
2012-08-08,7.82,0.0002988263223729
2012-08-09,7.82,0.0002988263223729
2012-08-10,7.82,0.0002988263223729
2012-08-13,7.8,0.0002980899457219
2012-08-14,7.83,0.0002991944596806
2012-08-15,7.83,0.0002991944596806
2012-08-16,7.82,0.0002988263223729
2012-08-17,7.84,0.0002995625629849
2012-08-20,7.85,0.0002999306322919
2012-08-21,7.82,0.0002988263223729
2012-08-22,7.81,0.0002984581510554
2012-08-23,7.81,0.0002984581510554
2012-08-24,7.82,0.0002988263223729
2012-08-27,7.83,0.0002991944596806
2012-08-28,7.83,0.0002991944596806
2012-08-29,7.82,0.0002988263223729
2012-08-30,7.38,0.0002825945215423
2012-08-31,7.38,0.0002825945215423
2012-09-03,7.41,0.0002837033378562
2012-09-04,7.39,0.0002829641612603
2012-09-05,7.39,0.0002829641612603
2012-09-06,7.39,0.0002829641612603
2012-09-10,7.38,0.0002825945215423
2012-09-11,7.37,0.0002822248475358
2012-09-12,7.36,0.0002818551392345
2012-09-13,7.36,0.0002818551392345
2012-09-14,7.35,0.0002814853966318
2012-09-17,7.34,0.0002811156197216
2012-09-18,7.33,0.0002807458084972
2012-09-19,7.33,0.0002807458084972
2012-09-20,7.35,0.0002814853966318
2012-09-21,7.35,0.0002814853966318
2012-09-24,7.35,0.0002814853966318
2012-09-25,7.38,0.0002825945215423
2012-09-26,7.37,0.0002822248475358
2012-09-27,7.36,0.0002818551392345
2012-09-28,7.36,0.0002818551392345
2012-10-01,7.36,0.0002818551392345
2012-10-02,7.35,0.0002814853966318
2012-10-03,7.36,0.0002818551392345
2012-10-04,7.36,0.0002818551392345
2012-10-05,7.36,0.0002818551392345
2012-10-08,7.36,0.0002818551392345
2012-10-09,7.35,0.0002814853966318
2012-10-10,7.33,0.0002807458084972
2012-10-11,7.04,0.0002700063276555
2012-10-15,7.04,0.0002700063276555
2012-10-16,7.05,0.0002703771367696
2012-10-17,7.06,0.0002707479113837
2012-10-18,7.08,0.0002714893571383
2012-10-19,7.08,0.0002714893571383
2012-10-22,7.12,0.0002729718349328
2012-10-23,7.12,0.0002729718349328
2012-10-24,7.13,0.0002733423682282
2012-10-25,7.11,0.0002726012671825
2012-10-26,7.09,0.0002718600282916
2012-10-29,7.08,0.0002714893571383
2012-10-30,7.07,0.0002711186515045
2012-10-31,7.09,0.0002718600282916
2012-11-01,7.11,0.0002726012671825
2012-11-05,7.12,0.0002729718349328
2012-11-06,7.12,0.0002729718349328
2012-11-07,7.13,0.0002733423682282
2012-11-08,7.09,0.0002718600282916
2012-11-09,7.09,0.0002718600282916
2012-11-12,7.07,0.0002711186515045
2012-11-13,7.06,0.0002707479113837
2012-11-14,7.06,0.0002707479113837
2012-11-16,7.05,0.0002703771367696
2012-11-19,7.03,0.0002696354840355
2012-11-20,7.01,0.0002688936932504
2012-11-21,6.99,0.0002681517643632
2012-11-22,7.09,0.0002718600282916
2012-11-23,7.12,0.0002729718349328
2012-11-26,7.13,0.0002733423682282
2012-11-27,7.12,0.0002729718349328
2012-11-28,7.11,0.0002726012671825
2012-11-29,7.07,0.0002711186515045
2012-11-30,7.06,0.0002707479113837
2012-12-03,7.07,0.0002711186515045
2012-12-04,7.07,0.0002711186515045
2012-12-05,7.06,0.0002707479113837
2012-12-06,7.05,0.0002703771367696
2012-12-07,7.04,0.0002700063276555
2012-12-10,7.01,0.0002688936932504
2012-12-11,6.97,0.0002674096973225
2012-12-12,6.97,0.0002674096973225
2012-12-13,6.95,0.0002666674920762
2012-12-14,6.9,0.0002648113739738
2012-12-17,6.89,0.0002644400465897
2012-12-18,6.87,0.0002636972880059
2012-12-19,6.84,0.000262582890495
2012-12-20,6.85,0.0002629543909585
2012-12-21,6.87,0.0002636972880059
2012-12-24,6.87,0.0002636972880059
2012-12-26,6.9,0.0002648113739738
2012-12-27,6.9,0.0002648113739738
2012-12-28,6.9,0.0002648113739738
2012-12-31,6.9,0.0002648113739738
2013-01-02,6.92,0.000265553924959
2013-01-03,6.92,0.000265553924959
2013-01-04,6.93,0.000265925148573
2013-01-07,6.92,0.000265553924959
2013-01-08,6.91,0.0002651826667615
2013-01-09,6.9,0.0002648113739738
2013-01-10,6.91,0.0002651826667615
2013-01-11,6.92,0.000265553924959
2013-01-14,6.93,0.000265925148573
2013-01-15,6.94,0.0002662963376099
2013-01-16,6.94,0.0002662963376099
2013-01-17,6.94,0.0002662963376099
2013-01-18,6.92,0.000265553924959
2013-01-21,6.93,0.000265925148573
2013-01-22,6.93,0.000265925148573
2013-01-23,6.93,0.000265925148573
2013-01-24,6.93,0.000265925148573
2013-01-25,6.94,0.0002662963376099
2013-01-28,6.94,0.0002662963376099
2013-01-29,6.95,0.0002666674920762
2013-01-30,6.95,0.0002666674920762
2013-01-31,6.95,0.0002666674920762
2013-02-01,6.95,0.0002666674920762
2013-02-04,6.96,0.0002670386119783
2013-02-05,6.96,0.0002670386119783
2013-02-06,6.96,0.0002670386119783
2013-02-07,6.95,0.0002666674920762
2013-02-08,6.95,0.0002666674920762
2013-02-13,6.95,0.0002666674920762
2013-02-14,6.94,0.0002662963376099
2013-02-15,6.94,0.0002662963376099
2013-02-18,6.94,0.0002662963376099
2013-02-19,6.93,0.000265925148573
2013-02-20,6.95,0.0002666674920762
2013-02-21,6.95,0.0002666674920762
2013-02-22,6.96,0.0002670386119783
2013-02-25,7.0,0.0002685227460728
2013-02-26,6.98,0.0002677807481153
2013-02-27,6.98,0.0002677807481153
2013-02-28,6.98,0.0002677807481153
2013-03-01,6.98,0.0002677807481153
2013-03-04,6.99,0.0002681517643632
2013-03-05,6.99,0.0002681517643632
2013-03-06,6.99,0.0002681517643632
2013-03-07,6.99,0.0002681517643632
2013-03-08,6.99,0.0002681517643632
2013-03-11,6.99,0.0002681517643632
2013-03-12,6.99,0.0002681517643632
2013-03-13,6.99,0.0002681517643632
2013-03-14,6.99,0.0002681517643632
2013-03-15,6.99,0.0002681517643632
2013-03-18,6.99,0.0002681517643632
2013-03-19,6.99,0.0002681517643632
2013-03-20,6.99,0.0002681517643632
2013-03-21,6.99,0.0002681517643632
2013-03-22,6.99,0.0002681517643632
2013-03-25,6.99,0.0002681517643632
2013-03-26,6.99,0.0002681517643632
2013-03-27,6.99,0.0002681517643632
2013-03-28,7.01,0.0002688936932504
2013-04-01,7.02,0.0002692646059024
2013-04-02,7.02,0.0002692646059024
2013-04-03,7.01,0.0002688936932504
2013-04-04,7.01,0.0002688936932504
2013-04-05,7.01,0.0002688936932504
2013-04-08,7.01,0.0002688936932504
2013-04-09,7.01,0.0002688936932504
2013-04-10,7.01,0.0002688936932504
2013-04-11,7.01,0.0002688936932504
2013-04-12,7.01,0.0002688936932504
2013-04-15,7.01,0.0002688936932504
2013-04-16,7.0,0.0002685227460728
2013-04-17,7.0,0.0002685227460728
2013-04-18,7.24,0.0002774159622947
2013-04-19,7.24,0.0002774159622947
2013-04-22,7.24,0.0002774159622947
2013-04-23,7.24,0.0002774159622947
2013-04-24,7.24,0.0002774159622947
2013-04-25,7.24,0.0002774159622947
2013-04-26,7.23,0.0002770458075791
2013-04-29,7.23,0.0002770458075791
2013-04-30,7.23,0.0002770458075791
2013-05-02,7.23,0.0002770458075791
2013-05-03,7.23,0.0002770458075791
2013-05-06,7.24,0.0002774159622947
2013-05-07,7.24,0.0002774159622947
2013-05-08,7.23,0.0002770458075791
2013-05-09,7.24,0.0002774159622947
2013-05-10,7.23,0.0002770458075791
2013-05-13,7.22,0.0002766756184791
2013-05-14,7.22,0.0002766756184791
2013-05-15,7.22,0.0002766756184791
2013-05-16,7.22,0.0002766756184791
2013-05-17,7.22,0.0002766756184791
2013-05-20,7.22,0.0002766756184791
2013-05-21,7.22,0.0002766756184791
2013-05-22,7.22,0.0002766756184791
2013-05-23,7.22,0.0002766756184791
2013-05-24,7.22,0.0002766756184791
2013-05-27,7.22,0.0002766756184791
2013-05-28,7.22,0.0002766756184791
2013-05-29,7.22,0.0002766756184791
2013-05-31,7.72,0.0002951430777187
2013-06-03,7.72,0.0002951430777187
2013-06-04,7.72,0.0002951430777187
2013-06-05,7.72,0.0002951430777187
2013-06-06,7.72,0.0002951430777187
2013-06-07,7.72,0.0002951430777187
2013-06-10,7.72,0.0002951430777187
2013-06-11,7.72,0.0002951430777187
2013-06-12,7.72,0.0002951430777187
2013-06-13,7.72,0.0002951430777187
2013-06-14,7.72,0.0002951430777187
2013-06-17,7.72,0.0002951430777187
2013-06-18,7.72,0.0002951430777187
2013-06-19,7.72,0.0002951430777187
2013-06-20,7.72,0.0002951430777187
2013-06-21,7.72,0.0002951430777187
2013-06-24,7.72,0.0002951430777187
2013-06-25,7.72,0.0002951430777187
2013-06-26,7.72,0.0002951430777187
2013-06-27,7.72,0.0002951430777187
2013-06-28,7.72,0.0002951430777187
2013-07-01,7.72,0.0002951430777187
2013-07-02,7.72,0.0002951430777187
2013-07-03,7.72,0.0002951430777187
2013-07-04,7.72,0.0002951430777187
2013-07-05,7.72,0.0002951430777187
2013-07-08,7.72,0.0002951430777187
2013-07-09,7.72,0.0002951430777187
2013-07-10,7.72,0.0002951430777187
2013-07-11,8.22,0.0003135253539877
2013-07-12,8.22,0.0003135253539877
2013-07-15,8.22,0.0003135253539877
2013-07-16,8.22,0.0003135253539877
2013-07-17,8.22,0.0003135253539877
2013-07-18,8.22,0.0003135253539877
2013-07-19,8.22,0.0003135253539877
2013-07-22,8.22,0.0003135253539877
2013-07-23,8.22,0.0003135253539877
2013-07-24,8.22,0.0003135253539877
2013-07-25,8.22,0.0003135253539877
2013-07-26,8.22,0.0003135253539877
2013-07-29,8.22,0.0003135253539877
2013-07-30,8.22,0.0003135253539877
2013-07-31,8.22,0.0003135253539877
2013-08-01,8.23,0.0003138921360479
2013-08-02,8.23,0.0003138921360479
2013-08-05,8.22,0.0003135253539877
2013-08-06,8.22,0.0003135253539877
2013-08-07,8.22,0.0003135253539877
2013-08-08,8.22,0.0003135253539877
2013-08-09,8.22,0.0003135253539877
2013-08-12,8.22,0.0003135253539877
2013-08-13,8.22,0.0003135253539877
2013-08-14,8.22,0.0003135253539877
2013-08-15,8.22,0.0003135253539877
2013-08-16,8.22,0.0003135253539877
2013-08-19,8.22,0.0003135253539877
2013-08-20,8.22,0.0003135253539877
2013-08-21,8.22,0.0003135253539877
2013-08-22,8.22,0.0003135253539877
2013-08-23,8.22,0.0003135253539877
2013-08-26,8.22,0.0003135253539877
2013-08-27,8.22,0.0003135253539877
2013-08-28,8.22,0.0003135253539877
2013-08-29,8.72,0.0003318232310527
2013-08-30,8.72,0.0003318232310527
2013-09-02,8.72,0.0003318232310527
2013-09-03,8.72,0.0003318232310527
2013-09-04,8.72,0.0003318232310527
2013-09-05,8.72,0.0003318232310527
2013-09-06,8.72,0.0003318232310527
2013-09-09,8.72,0.0003318232310527
2013-09-10,8.72,0.0003318232310527
2013-09-11,8.72,0.0003318232310527
2013-09-12,8.72,0.0003318232310527
2013-09-13,8.72,0.0003318232310527
2013-09-16,8.72,0.0003318232310527
2013-09-17,8.72,0.0003318232310527
2013-09-18,8.72,0.0003318232310527
2013-09-19,8.71,0.0003314580956064
2013-09-20,8.7,0.0003310929267037
2013-09-23,8.7,0.0003310929267037
2013-09-24,8.7,0.0003310929267037
2013-09-25,8.81,0.0003351079455507
2013-09-26,8.72,0.0003318232310527
2013-09-27,8.71,0.0003314580956064
2013-09-30,8.71,0.0003314580956064
2013-10-01,8.71,0.0003314580956064
2013-10-02,8.7,0.0003310929267037
2013-10-03,8.7,0.0003310929267037
2013-10-04,8.83,0.0003358375146043
2013-10-07,8.81,0.0003351079455507
2013-10-08,8.81,0.0003351079455507
2013-10-09,8.85,0.0003365669501272
2013-10-10,9.36,0.0003551225904186
2013-10-11,9.32,0.0003536703642075
2013-10-14,9.35,0.0003547595834716
2013-10-15,9.35,0.0003547595834716
2013-10-16,9.35,0.0003547595834716
2013-10-17,9.35,0.0003547595834716
2013-10-18,9.32,0.0003536703642075
2013-10-21,9.35,0.0003547595834716
2013-10-22,9.35,0.0003547595834716
2013-10-23,9.32,0.0003536703642075
2013-10-24,9.32,0.0003536703642075
2013-10-25,9.32,0.0003536703642075
2013-10-28,9.32,0.0003536703642075
2013-10-29,9.32,0.0003536703642075
2013-10-30,9.32,0.0003536703642075
2013-10-31,9.32,0.0003536703642075
2013-11-01,9.32,0.0003536703642075
2013-11-04,9.28,0.0003522176086417
2013-11-05,9.28,0.0003522176086417
2013-11-06,9.28,0.0003522176086417
2013-11-07,9.28,0.0003522176086417
2013-11-08,9.28,0.0003522176086417
2013-11-11,9.28,0.0003522176086417
2013-11-12,9.28,0.0003522176086417
2013-11-13,9.28,0.0003522176086417
2013-11-14,9.28,0.0003522176086417
2013-11-18,9.28,0.0003522176086417
2013-11-19,9.28,0.0003522176086417
2013-11-20,9.28,0.0003522176086417
2013-11-21,9.28,0.0003522176086417
2013-11-22,9.28,0.0003522176086417
2013-11-25,9.28,0.0003522176086417
2013-11-26,9.28,0.0003522176086417
2013-11-27,9.28,0.0003522176086417
2013-11-28,9.77,0.0003699774792003
2013-11-29,9.77,0.0003699774792003
2013-12-02,9.77,0.0003699774792003
2013-12-03,9.77,0.0003699774792003
2013-12-04,9.77,0.0003699774792003
2013-12-05,9.77,0.0003699774792003
2013-12-06,9.76,0.0003696158228055
2013-12-09,9.85,0.0003728695495375
2013-12-10,9.77,0.0003699774792003
2013-12-11,9.77,0.0003699774792003
2013-12-12,9.77,0.0003699774792003
2013-12-13,9.77,0.0003699774792003
2013-12-16,9.85,0.0003728695495375
2013-12-17,9.77,0.0003699774792003
2013-12-18,9.77,0.0003699774792003
2013-12-19,9.77,0.0003699774792003
2013-12-20,9.77,0.0003699774792003
2013-12-23,9.77,0.0003699774792003
2013-12-24,9.77,0.0003699774792003
2013-12-26,9.77,0.0003699774792003
2013-12-27,9.77,0.0003699774792003
2013-12-30,9.77,0.0003699774792003
2013-12-31,9.77,0.0003699774792003
2014-01-02,9.77,0.0003699774792003
2014-01-03,9.77,0.0003699774792003
2014-01-06,9.77,0.0003699774792003
2014-01-07,9.77,0.0003699774792003
2014-01-08,9.77,0.0003699774792003
2014-01-09,9.77,0.0003699774792003
2014-01-10,9.77,0.0003699774792003
2014-01-13,9.77,0.0003699774792003
2014-01-14,9.77,0.0003699774792003
2014-01-15,9.77,0.0003699774792003
2014-01-16,10.27,0.0003880185842771
2014-01-17,10.34,0.0003905378347184
2014-01-20,10.35,0.0003908975976836
2014-01-21,10.35,0.0003908975976836
2014-01-22,10.27,0.0003880185842771
2014-01-23,10.27,0.0003880185842771
2014-01-24,10.27,0.0003880185842771
2014-01-27,10.27,0.0003880185842771
2014-01-28,10.27,0.0003880185842771
2014-01-29,10.27,0.0003880185842771
2014-01-30,10.27,0.0003880185842771
2014-01-31,10.27,0.0003880185842771
2014-02-03,10.27,0.0003880185842771
2014-02-04,10.29,0.0003887385326202
2014-02-05,10.29,0.0003887385326202
2014-02-06,10.29,0.0003887385326202
2014-02-07,10.29,0.0003887385326202
2014-02-10,10.29,0.0003887385326202
2014-02-11,10.29,0.0003887385326202
2014-02-12,10.29,0.0003887385326202
2014-02-13,10.29,0.0003887385326202
2014-02-14,10.29,0.0003887385326202
2014-02-17,10.29,0.0003887385326202
2014-02-18,10.29,0.0003887385326202
2014-02-19,10.29,0.0003887385326202
2014-02-20,10.29,0.0003887385326202
2014-02-21,10.29,0.0003887385326202
2014-02-24,10.29,0.0003887385326202
2014-02-25,10.29,0.0003887385326202
2014-02-26,10.35,0.0003908975976836
2014-02-27,10.59,0.0003995221809867
2014-02-28,10.59,0.0003995221809867
2014-03-05,10.55,0.0003980860458441
2014-03-06,10.55,0.0003980860458441
2014-03-07,10.55,0.0003980860458441
2014-03-10,10.55,0.0003980860458441
2014-03-11,10.55,0.0003980860458441
2014-03-12,10.55,0.0003980860458441
2014-03-13,10.55,0.0003980860458441
2014-03-14,10.55,0.0003980860458441
2014-03-17,10.55,0.0003980860458441
2014-03-18,10.55,0.0003980860458441
2014-03-19,10.59,0.0003995221809867
2014-03-20,10.59,0.0003995221809867
2014-03-21,10.59,0.0003995221809867
2014-03-24,10.59,0.0003995221809867
2014-03-25,10.59,0.0003995221809867
2014-03-26,10.59,0.0003995221809867
2014-03-27,10.55,0.0003980860458441
2014-03-28,10.55,0.0003980860458441
2014-03-31,10.55,0.0003980860458441
2014-04-01,10.55,0.0003980860458441
2014-04-02,10.55,0.0003980860458441
2014-04-03,10.8,0.0004070534123568
2014-04-04,10.8,0.0004070534123568
2014-04-07,10.8,0.0004070534123568
2014-04-08,10.8,0.0004070534123568
2014-04-09,10.8,0.0004070534123568
2014-04-10,10.8,0.0004070534123568
2014-04-11,10.8,0.0004070534123568
2014-04-14,10.8,0.0004070534123568
2014-04-15,10.8,0.0004070534123568
2014-04-16,10.8,0.0004070534123568
2014-04-17,10.8,0.0004070534123568
2014-04-22,10.8,0.0004070534123568
2014-04-23,10.8,0.0004070534123568
2014-04-24,10.8,0.0004070534123568
2014-04-25,10.8,0.0004070534123568
2014-04-28,10.8,0.0004070534123568
2014-04-29,10.8,0.0004070534123568
2014-04-30,10.8,0.0004070534123568
2014-05-02,10.8,0.0004070534123568
2014-05-05,10.8,0.0004070534123568
2014-05-06,10.8,0.0004070534123568
2014-05-07,10.8,0.0004070534123568
2014-05-08,10.8,0.0004070534123568
2014-05-09,10.8,0.0004070534123568
2014-05-12,10.8,0.0004070534123568
2014-05-13,10.8,0.0004070534123568
2014-05-14,10.8,0.0004070534123568
2014-05-15,10.8,0.0004070534123568
2014-05-16,10.8,0.0004070534123568
2014-05-19,10.8,0.0004070534123568
2014-05-20,10.8,0.0004070534123568
2014-05-21,10.8,0.0004070534123568
2014-05-22,10.8,0.0004070534123568
2014-05-23,10.8,0.0004070534123568
2014-05-26,10.8,0.0004070534123568
2014-05-27,10.8,0.0004070534123568
2014-05-28,10.8,0.0004070534123568
2014-05-29,10.8,0.0004070534123568
2014-05-30,10.8,0.0004070534123568
2014-06-02,10.8,0.0004070534123568
2014-06-03,10.8,0.0004070534123568
2014-06-04,10.8,0.0004070534123568
2014-06-05,10.8,0.0004070534123568
2014-06-06,10.8,0.0004070534123568
2014-06-09,10.84,0.0004084863205487
2014-06-10,10.8,0.0004070534123568
2014-06-11,10.8,0.0004070534123568
2014-06-12,10.8,0.0004070534123568
2014-06-13,10.8,0.0004070534123568
2014-06-16,10.8,0.0004070534123568
2014-06-17,10.8,0.0004070534123568
2014-06-18,10.8,0.0004070534123568
2014-06-20,10.8,0.0004070534123568
2014-06-23,10.8,0.0004070534123568
2014-06-24,10.8,0.0004070534123568
2014-06-25,10.8,0.0004070534123568
2014-06-26,10.8,0.0004070534123568
2014-06-27,10.8,0.0004070534123568
2014-06-30,10.8,0.0004070534123568
2014-07-01,10.8,0.0004070534123568
2014-07-02,10.8,0.0004070534123568
2014-07-03,10.8,0.0004070534123568
2014-07-04,10.8,0.0004070534123568
2014-07-07,10.8,0.0004070534123568
2014-07-08,10.8,0.0004070534123568
2014-07-09,10.8,0.0004070534123568
2014-07-10,10.8,0.0004070534123568
2014-07-11,10.8,0.0004070534123568
2014-07-14,10.8,0.0004070534123568
2014-07-15,10.8,0.0004070534123568
2014-07-16,10.8,0.0004070534123568
2014-07-17,10.8,0.0004070534123568
2014-07-18,10.8,0.0004070534123568
2014-07-21,10.8,0.0004070534123568
2014-07-22,10.8,0.0004070534123568
2014-07-23,10.8,0.0004070534123568
2014-07-24,10.8,0.0004070534123568
2014-07-25,10.8,0.0004070534123568
2014-07-28,10.8,0.0004070534123568
2014-07-29,10.8,0.0004070534123568
2014-07-30,10.8,0.0004070534123568
2014-07-31,10.8,0.0004070534123568
2014-08-01,10.8,0.0004070534123568
2014-08-04,10.81,0.0004074116877031
2014-08-05,10.81,0.0004074116877031
2014-08-06,10.81,0.0004074116877031
2014-08-07,10.81,0.0004074116877031
2014-08-08,10.81,0.0004074116877031
2014-08-11,10.81,0.0004074116877031
2014-08-12,10.81,0.0004074116877031
2014-08-13,10.81,0.0004074116877031
2014-08-14,10.81,0.0004074116877031
2014-08-15,10.82,0.0004077699308465
2014-08-18,10.81,0.0004074116877031
2014-08-19,10.81,0.0004074116877031
2014-08-20,10.84,0.0004084863205487
2014-08-21,10.82,0.0004077699308465
2014-08-22,10.81,0.0004074116877031
2014-08-25,10.84,0.0004084863205487
2014-08-26,10.84,0.0004084863205487
2014-08-27,10.81,0.0004074116877031
2014-08-28,10.84,0.0004084863205487
2014-08-29,10.81,0.0004074116877031
2014-09-01,10.81,0.0004074116877031
2014-09-02,10.81,0.0004074116877031
2014-09-03,10.81,0.0004074116877031
2014-09-04,10.81,0.0004074116877031
2014-09-05,10.81,0.0004074116877031
2014-09-08,10.81,0.0004074116877031
2014-09-09,10.81,0.0004074116877031
2014-09-10,10.84,0.0004084863205487
2014-09-11,10.81,0.0004074116877031
2014-09-12,10.81,0.0004074116877031
2014-09-15,10.81,0.0004074116877031
2014-09-16,10.81,0.0004074116877031
2014-09-17,10.81,0.0004074116877031
2014-09-18,10.81,0.0004074116877031
2014-09-19,10.81,0.0004074116877031
2014-09-22,10.81,0.0004074116877031
2014-09-23,10.84,0.0004084863205487
2014-09-24,10.84,0.0004084863205487
2014-09-25,10.84,0.0004084863205487
2014-09-26,10.81,0.0004074116877031
2014-09-29,10.81,0.0004074116877031
2014-09-30,10.81,0.0004074116877031
2014-10-01,10.81,0.0004074116877031
2014-10-02,10.81,0.0004074116877031
2014-10-03,10.81,0.0004074116877031
2014-10-06,10.81,0.0004074116877031
2014-10-07,10.84,0.0004084863205487
2014-10-08,10.84,0.0004084863205487
2014-10-09,10.84,0.0004084863205487
2014-10-10,10.84,0.0004084863205487
2014-10-13,10.81,0.0004074116877031
2014-10-14,10.84,0.0004084863205487
2014-10-15,10.81,0.0004074116877031
2014-10-16,10.84,0.0004084863205487
2014-10-17,10.84,0.0004084863205487
2014-10-20,10.84,0.0004084863205487
2014-10-21,10.84,0.0004084863205487
2014-10-22,10.84,0.0004084863205487
2014-10-23,10.84,0.0004084863205487
2014-10-24,10.84,0.0004084863205487
2014-10-27,10.84,0.0004084863205487
2014-10-28,10.84,0.0004084863205487
2014-10-29,10.84,0.0004084863205487
2014-10-30,11.09,0.0004174303442748
2014-10-31,11.06,0.0004163581205516
2014-11-03,11.06,0.0004163581205516
2014-11-04,11.06,0.0004163581205516
2014-11-05,11.09,0.0004174303442748
2014-11-06,11.09,0.0004174303442748
2014-11-07,11.09,0.0004174303442748
2014-11-10,11.09,0.0004174303442748
2014-11-11,11.09,0.0004174303442748
2014-11-12,11.09,0.0004174303442748
2014-11-13,11.09,0.0004174303442748
2014-11-14,11.09,0.0004174303442748
2014-11-17,11.09,0.0004174303442748
2014-11-18,11.09,0.0004174303442748
2014-11-19,11.09,0.0004174303442748
2014-11-20,11.09,0.0004174303442748
2014-11-21,11.09,0.0004174303442748
2014-11-24,11.09,0.0004174303442748
2014-11-25,11.09,0.0004174303442748
2014-11-26,11.09,0.0004174303442748
2014-11-27,11.09,0.0004174303442748
2014-11-28,11.06,0.0004163581205516
2014-12-01,11.06,0.0004163581205516
2014-12-02,11.06,0.0004163581205516
2014-12-03,11.09,0.0004174303442748
2014-12-04,11.59,0.0004352584046425
2014-12-05,11.59,0.0004352584046425
2014-12-08,11.59,0.0004352584046425
2014-12-09,11.57,0.0004345468112059
2014-12-10,11.57,0.0004345468112059
2014-12-11,11.59,0.0004352584046425
2014-12-12,11.59,0.0004352584046425
2014-12-15,11.59,0.0004352584046425
2014-12-16,11.59,0.0004352584046425
2014-12-17,11.59,0.0004352584046425
2014-12-18,11.59,0.0004352584046425
2014-12-19,11.59,0.0004352584046425
2014-12-22,11.59,0.0004352584046425
2014-12-23,11.57,0.0004345468112059
2014-12-24,11.57,0.0004345468112059
2014-12-26,11.57,0.0004345468112059
2014-12-29,11.59,0.0004352584046425
2014-12-30,11.57,0.0004345468112059
2014-12-31,11.57,0.0004345468112059
2015-01-02,11.57,0.0004345468112059
2015-01-05,11.57,0.0004345468112059
2015-01-06,11.57,0.0004345468112059
2015-01-07,11.57,0.0004345468112059
2015-01-08,11.57,0.0004345468112059
2015-01-09,11.57,0.0004345468112059
2015-01-12,11.57,0.0004345468112059
2015-01-13,11.57,0.0004345468112059
2015-01-14,11.57,0.0004345468112059
2015-01-15,11.57,0.0004345468112059
2015-01-16,11.57,0.0004345468112059
2015-01-19,11.57,0.0004345468112059
2015-01-20,11.57,0.0004345468112059
2015-01-21,11.57,0.0004345468112059
2015-01-22,12.09,0.0004530070769067
2015-01-23,12.08,0.0004526528768873
2015-01-26,12.08,0.0004526528768873
2015-01-27,12.08,0.0004526528768873
2015-01-28,12.08,0.0004526528768873
2015-01-29,12.08,0.0004526528768873
2015-01-30,12.08,0.0004526528768873
2015-02-02,12.08,0.0004526528768873
2015-02-03,12.09,0.0004530070769067
2015-02-04,12.09,0.0004530070769067
2015-02-05,12.09,0.0004530070769067
2015-02-06,12.09,0.0004530070769067
2015-02-09,12.09,0.0004530070769067
2015-02-10,12.09,0.0004530070769067
2015-02-11,12.09,0.0004530070769067
2015-02-12,12.09,0.0004530070769067
2015-02-13,12.09,0.0004530070769067
2015-02-18,12.09,0.0004530070769067
2015-02-19,12.09,0.0004530070769067
2015-02-20,12.09,0.0004530070769067
2015-02-23,12.09,0.0004530070769067
2015-02-24,12.09,0.0004530070769067
2015-02-25,12.09,0.0004530070769067
2015-02-26,12.09,0.0004530070769067
2015-02-27,12.09,0.0004530070769067
2015-03-02,12.09,0.0004530070769067
2015-03-03,12.09,0.0004530070769067
2015-03-04,12.09,0.0004530070769067
2015-03-05,12.6,0.0004710296683712
2015-03-06,12.6,0.0004710296683712
2015-03-09,12.6,0.0004710296683712
2015-03-10,12.6,0.0004710296683712
2015-03-11,12.6,0.0004710296683712
2015-03-12,12.6,0.0004710296683712
2015-03-13,12.6,0.0004710296683712
2015-03-16,12.6,0.0004710296683712
2015-03-17,12.6,0.0004710296683712
2015-03-18,12.6,0.0004710296683712
2015-03-19,12.6,0.0004710296683712
2015-03-20,12.6,0.0004710296683712
2015-03-23,12.61,0.0004713822392015
2015-03-24,12.61,0.0004713822392015
2015-03-25,12.61,0.0004713822392015
2015-03-26,12.61,0.0004713822392015
2015-03-27,12.61,0.0004713822392015
2015-03-30,12.6,0.0004710296683712
2015-03-31,12.6,0.0004710296683712
2015-04-01,12.6,0.0004710296683712
2015-04-02,12.6,0.0004710296683712
2015-04-06,12.6,0.0004710296683712
2015-04-07,12.6,0.0004710296683712
2015-04-08,12.6,0.0004710296683712
2015-04-09,12.6,0.0004710296683712
2015-04-10,12.6,0.0004710296683712
2015-04-13,12.6,0.0004710296683712
2015-04-14,12.6,0.0004710296683712
2015-04-15,12.6,0.0004710296683712
2015-04-16,12.6,0.0004710296683712
2015-04-17,12.6,0.0004710296683712
2015-04-20,12.6,0.0004710296683712
2015-04-22,12.6,0.0004710296683712
2015-04-23,12.6,0.0004710296683712
2015-04-24,12.6,0.0004710296683712
2015-04-27,12.61,0.0004713822392015
2015-04-28,12.62,0.0004717347788485
2015-04-29,12.62,0.0004717347788485
2015-04-30,13.11,0.0004889711366181
2015-05-04,13.11,0.0004889711366181
2015-05-05,13.13,0.0004896730807009
2015-05-06,13.13,0.0004896730807009
2015-05-07,13.13,0.0004896730807009
2015-05-08,13.13,0.0004896730807009
2015-05-11,13.13,0.0004896730807009
2015-05-12,13.13,0.0004896730807009
2015-05-13,13.13,0.0004896730807009
2015-05-14,13.13,0.0004896730807009
2015-05-15,13.13,0.0004896730807009
2015-05-18,13.13,0.0004896730807009
2015-05-19,13.13,0.0004896730807009
2015-05-20,13.13,0.0004896730807009
2015-05-21,13.13,0.0004896730807009
2015-05-22,13.13,0.0004896730807009
2015-05-25,13.13,0.0004896730807009
2015-05-26,13.13,0.0004896730807009
2015-05-27,13.13,0.0004896730807009
2015-05-28,13.13,0.0004896730807009
2015-05-29,13.13,0.0004896730807009
2015-06-01,13.13,0.0004896730807009
2015-06-02,13.13,0.0004896730807009
2015-06-03,13.13,0.0004896730807009
2015-06-05,13.64,0.0005075310161695
2015-06-08,13.64,0.0005075310161695
2015-06-09,13.64,0.0005075310161695
2015-06-10,13.64,0.0005075310161695
2015-06-11,13.64,0.0005075310161695
2015-06-12,13.64,0.0005075310161695
2015-06-15,13.64,0.0005075310161695
2015-06-16,13.64,0.0005075310161695
2015-06-17,13.64,0.0005075310161695
2015-06-18,13.64,0.0005075310161695
2015-06-19,13.64,0.0005075310161695
2015-06-22,13.64,0.0005075310161695
2015-06-23,13.64,0.0005075310161695
2015-06-24,13.64,0.0005075310161695
2015-06-25,13.64,0.0005075310161695
2015-06-26,13.64,0.0005075310161695
2015-06-29,13.64,0.0005075310161695
2015-06-30,13.64,0.0005075310161695
2015-07-01,13.64,0.0005075310161695
2015-07-02,13.64,0.0005075310161695
2015-07-03,13.64,0.0005075310161695
2015-07-06,13.64,0.0005075310161695
2015-07-07,13.64,0.0005075310161695
2015-07-08,13.64,0.0005075310161695
2015-07-09,13.64,0.0005075310161695
2015-07-10,13.64,0.0005075310161695
2015-07-13,13.64,0.0005075310161695
2015-07-14,13.64,0.0005075310161695
2015-07-15,13.64,0.0005075310161695
2015-07-16,13.64,0.0005075310161695
2015-07-17,13.64,0.0005075310161695
2015-07-20,13.64,0.0005075310161695
2015-07-21,13.64,0.0005075310161695
2015-07-22,13.64,0.0005075310161695
2015-07-23,13.64,0.0005075310161695
2015-07-24,13.64,0.0005075310161695
2015-07-27,13.64,0.0005075310161695
2015-07-28,13.64,0.0005075310161695
2015-07-29,13.64,0.0005075310161695
2015-07-30,14.13,0.0005246136075516
2015-07-31,14.13,0.0005246136075516
2015-08-03,14.13,0.0005246136075516
2015-08-04,14.13,0.0005246136075516
2015-08-05,14.13,0.0005246136075516
2015-08-06,14.13,0.0005246136075516
2015-08-07,14.13,0.0005246136075516
2015-08-10,14.13,0.0005246136075516
2015-08-11,14.13,0.0005246136075516
2015-08-12,14.13,0.0005246136075516
2015-08-13,14.13,0.0005246136075516
2015-08-14,14.13,0.0005246136075516
2015-08-17,14.13,0.0005246136075516
2015-08-18,14.13,0.0005246136075516
2015-08-19,14.13,0.0005246136075516
2015-08-20,14.13,0.0005246136075516
2015-08-21,14.13,0.0005246136075516
2015-08-24,14.13,0.0005246136075516
2015-08-25,14.13,0.0005246136075516
2015-08-26,14.13,0.0005246136075516
2015-08-27,14.13,0.0005246136075516
2015-08-28,14.13,0.0005246136075516
2015-08-31,14.13,0.0005246136075516
2015-09-01,14.13,0.0005246136075516
2015-09-02,14.13,0.0005246136075516
2015-09-03,14.13,0.0005246136075516
2015-09-04,14.13,0.0005246136075516
2015-09-08,14.13,0.0005246136075516
2015-09-09,14.13,0.0005246136075516
2015-09-10,14.13,0.0005246136075516
2015-09-11,14.13,0.0005246136075516
2015-09-14,14.13,0.0005246136075516
2015-09-15,14.13,0.0005246136075516
2015-09-16,14.13,0.0005246136075516
2015-09-17,14.13,0.0005246136075516
2015-09-18,14.13,0.0005246136075516
2015-09-21,14.13,0.0005246136075516
2015-09-22,14.13,0.0005246136075516
2015-09-23,14.13,0.0005246136075516
2015-09-24,14.13,0.0005246136075516
2015-09-25,14.13,0.0005246136075516
2015-09-28,14.13,0.0005246136075516
2015-09-29,14.13,0.0005246136075516
2015-09-30,14.13,0.0005246136075516
2015-10-01,14.13,0.0005246136075516
2015-10-02,14.13,0.0005246136075516
2015-10-05,14.13,0.0005246136075516
2015-10-06,14.13,0.0005246136075516
2015-10-07,14.13,0.0005246136075516
2015-10-08,14.13,0.0005246136075516
2015-10-09,14.13,0.0005246136075516
2015-10-13,14.13,0.0005246136075516
2015-10-14,14.13,0.0005246136075516
2015-10-15,14.13,0.0005246136075516
2015-10-16,14.13,0.0005246136075516
2015-10-19,14.13,0.0005246136075516
2015-10-20,14.13,0.0005246136075516
2015-10-21,14.13,0.0005246136075516
2015-10-22,14.13,0.0005246136075516
2015-10-23,14.14,0.0005249614707366
2015-10-26,14.14,0.0005249614707366
2015-10-27,14.14,0.0005249614707366
2015-10-28,14.14,0.0005249614707366
2015-10-29,14.14,0.0005249614707366
2015-10-30,14.14,0.0005249614707366
2015-11-03,14.14,0.0005249614707366
2015-11-04,14.14,0.0005249614707366
2015-11-05,14.14,0.0005249614707366
2015-11-06,14.14,0.0005249614707366
2015-11-09,14.14,0.0005249614707366
2015-11-10,14.14,0.0005249614707366
2015-11-11,14.14,0.0005249614707366
2015-11-12,14.14,0.0005249614707366
2015-11-13,14.14,0.0005249614707366
2015-11-16,14.14,0.0005249614707366
2015-11-17,14.14,0.0005249614707366
2015-11-18,14.14,0.0005249614707366
2015-11-19,14.14,0.0005249614707366
2015-11-20,14.14,0.0005249614707366
2015-11-23,14.14,0.0005249614707366
2015-11-24,14.14,0.0005249614707366
2015-11-25,14.14,0.0005249614707366
2015-11-26,14.14,0.0005249614707366
2015-11-27,14.14,0.0005249614707366
2015-11-30,14.14,0.0005249614707366
2015-12-01,14.14,0.0005249614707366
2015-12-02,14.14,0.0005249614707366
2015-12-03,14.14,0.0005249614707366
2015-12-04,14.14,0.0005249614707366
2015-12-07,14.14,0.0005249614707366
2015-12-08,14.14,0.0005249614707366
2015-12-09,14.14,0.0005249614707366
2015-12-10,14.14,0.0005249614707366
2015-12-11,14.14,0.0005249614707366
2015-12-14,14.14,0.0005249614707366
2015-12-15,14.14,0.0005249614707366
2015-12-16,14.14,0.0005249614707366
2015-12-17,14.14,0.0005249614707366
2015-12-18,14.14,0.0005249614707366
2015-12-21,14.14,0.0005249614707366
2015-12-22,14.14,0.0005249614707366
2015-12-23,14.14,0.0005249614707366
2015-12-24,14.14,0.0005249614707366
2015-12-28,14.14,0.0005249614707366
2015-12-29,14.14,0.0005249614707366
2015-12-30,14.14,0.0005249614707366
2015-12-31,14.14,0.0005249614707366
2016-01-04,14.14,0.0005249614707366
2016-01-05,14.14,0.0005249614707366
2016-01-06,14.14,0.0005249614707366
2016-01-07,14.14,0.0005249614707366
2016-01-08,14.14,0.0005249614707366
2016-01-11,14.14,0.0005249614707366
2016-01-12,14.14,0.0005249614707366
2016-01-13,14.14,0.0005249614707366
2016-01-14,14.14,0.0005249614707366
2016-01-15,14.14,0.0005249614707366
2016-01-18,14.14,0.0005249614707366
2016-01-19,14.14,0.0005249614707366
2016-01-20,14.14,0.0005249614707366
2016-01-21,14.13,0.0005246136075516
2016-01-22,14.13,0.0005246136075516
2016-01-25,14.13,0.0005246136075516
2016-01-26,14.13,0.0005246136075516
2016-01-27,14.13,0.0005246136075516
2016-01-28,14.13,0.0005246136075516
2016-01-29,14.13,0.0005246136075516
2016-02-01,14.13,0.0005246136075516
2016-02-02,14.13,0.0005246136075516
2016-02-03,14.13,0.0005246136075516
2016-02-04,14.13,0.0005246136075516
2016-02-05,14.13,0.0005246136075516
2016-02-10,14.13,0.0005246136075516
2016-02-11,14.13,0.0005246136075516
2016-02-12,14.13,0.0005246136075516
2016-02-15,14.13,0.0005246136075516
2016-02-16,14.13,0.0005246136075516
2016-02-17,14.13,0.0005246136075516
2016-02-18,14.13,0.0005246136075516
2016-02-19,14.13,0.0005246136075516
2016-02-22,14.13,0.0005246136075516
2016-02-23,14.13,0.0005246136075516
2016-02-24,14.13,0.0005246136075516
2016-02-25,14.13,0.0005246136075516
2016-02-26,14.13,0.0005246136075516
2016-02-29,14.13,0.0005246136075516
2016-03-01,14.13,0.0005246136075516
2016-03-02,14.13,0.0005246136075516
2016-03-03,14.13,0.0005246136075516
2016-03-04,14.13,0.0005246136075516
2016-03-07,14.13,0.0005246136075516
2016-03-08,14.13,0.0005246136075516
2016-03-09,14.13,0.0005246136075516
2016-03-10,14.13,0.0005246136075516
2016-03-11,14.13,0.0005246136075516
2016-03-14,14.13,0.0005246136075516
2016-03-15,14.13,0.0005246136075516
2016-03-16,14.13,0.0005246136075516
2016-03-17,14.13,0.0005246136075516
2016-03-18,14.13,0.0005246136075516
2016-03-21,14.13,0.0005246136075516
2016-03-22,14.13,0.0005246136075516
2016-03-23,14.13,0.0005246136075516
2016-03-24,14.13,0.0005246136075516
2016-03-28,14.13,0.0005246136075516
2016-03-29,14.13,0.0005246136075516
2016-03-30,14.13,0.0005246136075516
2016-03-31,14.13,0.0005246136075516
2016-04-01,14.13,0.0005246136075516
2016-04-04,14.13,0.0005246136075516
2016-04-05,14.13,0.0005246136075516
2016-04-06,14.13,0.0005246136075516
2016-04-07,14.13,0.0005246136075516
2016-04-08,14.13,0.0005246136075516
2016-04-11,14.13,0.0005246136075516
2016-04-12,14.13,0.0005246136075516
2016-04-13,14.13,0.0005246136075516
2016-04-14,14.13,0.0005246136075516
2016-04-15,14.13,0.0005246136075516
2016-04-18,14.13,0.0005246136075516
2016-04-19,14.13,0.0005246136075516
2016-04-20,14.13,0.0005246136075516
2016-04-22,14.13,0.0005246136075516
2016-04-25,14.13,0.0005246136075516
2016-04-26,14.13,0.0005246136075516
2016-04-27,14.13,0.0005246136075516
2016-04-28,14.13,0.0005246136075516
2016-04-29,14.13,0.0005246136075516
2016-05-02,14.13,0.0005246136075516
2016-05-03,14.13,0.0005246136075516
2016-05-04,14.13,0.0005246136075516
2016-05-05,14.13,0.0005246136075516
2016-05-06,14.13,0.0005246136075516
2016-05-09,14.13,0.0005246136075516
2016-05-10,14.13,0.0005246136075516
2016-05-11,14.13,0.0005246136075516
2016-05-12,14.13,0.0005246136075516
2016-05-13,14.13,0.0005246136075516
2016-05-16,14.13,0.0005246136075516
2016-05-17,14.13,0.0005246136075516
2016-05-18,14.13,0.0005246136075516
2016-05-19,14.13,0.0005246136075516
2016-05-20,14.13,0.0005246136075516
2016-05-23,14.13,0.0005246136075516
2016-05-24,14.13,0.0005246136075516
2016-05-25,14.13,0.0005246136075516
2016-05-27,14.13,0.0005246136075516
2016-05-30,14.13,0.0005246136075516
2016-05-31,14.13,0.0005246136075516
2016-06-01,14.13,0.0005246136075516
2016-06-02,14.13,0.0005246136075516
2016-06-03,14.13,0.0005246136075516
2016-06-06,14.13,0.0005246136075516
2016-06-07,14.13,0.0005246136075516
2016-06-08,14.13,0.0005246136075516
2016-06-09,14.13,0.0005246136075516
2016-06-10,14.13,0.0005246136075516
2016-06-13,14.13,0.0005246136075516
2016-06-14,14.13,0.0005246136075516
2016-06-15,14.13,0.0005246136075516
2016-06-16,14.13,0.0005246136075516
2016-06-17,14.13,0.0005246136075516
2016-06-20,14.13,0.0005246136075516
2016-06-21,14.13,0.0005246136075516
2016-06-22,14.13,0.0005246136075516
2016-06-23,14.13,0.0005246136075516
2016-06-24,14.13,0.0005246136075516
2016-06-27,14.13,0.0005246136075516
2016-06-28,14.13,0.0005246136075516
2016-06-29,14.13,0.0005246136075516
2016-06-30,14.13,0.0005246136075516
2016-07-01,14.13,0.0005246136075516
2016-07-04,14.13,0.0005246136075516
2016-07-05,14.13,0.0005246136075516
2016-07-06,14.13,0.0005246136075516
2016-07-07,14.13,0.0005246136075516
2016-07-08,14.13,0.0005246136075516
2016-07-11,14.13,0.0005246136075516
2016-07-12,14.13,0.0005246136075516
2016-07-13,14.13,0.0005246136075516
2016-07-14,14.13,0.0005246136075516
2016-07-15,14.13,0.0005246136075516
2016-07-18,14.13,0.0005246136075516
2016-07-19,14.13,0.0005246136075516
2016-07-20,14.13,0.0005246136075516
2016-07-21,14.13,0.0005246136075516
2016-07-22,14.13,0.0005246136075516
2016-07-25,14.13,0.0005246136075516
2016-07-26,14.13,0.0005246136075516
2016-07-27,14.13,0.0005246136075516
2016-07-28,14.13,0.0005246136075516
2016-07-29,14.13,0.0005246136075516
2016-08-01,14.13,0.0005246136075516
2016-08-02,14.13,0.0005246136075516
2016-08-03,14.13,0.0005246136075516
2016-08-04,14.13,0.0005246136075516
2016-08-05,14.13,0.0005246136075516
2016-08-08,14.13,0.0005246136075516
2016-08-09,14.13,0.0005246136075516
2016-08-10,14.13,0.0005246136075516
2016-08-11,14.13,0.0005246136075516
2016-08-12,14.13,0.0005246136075516
2016-08-15,14.13,0.0005246136075516
2016-08-16,14.13,0.0005246136075516
2016-08-17,14.13,0.0005246136075516
2016-08-18,14.13,0.0005246136075516
2016-08-19,14.13,0.0005246136075516
2016-08-22,14.13,0.0005246136075516
2016-08-23,14.13,0.0005246136075516
2016-08-24,14.13,0.0005246136075516
2016-08-25,14.13,0.0005246136075516
2016-08-26,14.13,0.0005246136075516
2016-08-29,14.13,0.0005246136075516
2016-08-30,14.13,0.0005246136075516
2016-08-31,14.13,0.0005246136075516
2016-09-01,14.13,0.0005246136075516
2016-09-02,14.13,0.0005246136075516
2016-09-05,14.13,0.0005246136075516
2016-09-06,14.13,0.0005246136075516
2016-09-08,14.13,0.0005246136075516
2016-09-09,14.13,0.0005246136075516
2016-09-12,14.13,0.0005246136075516
2016-09-13,14.13,0.0005246136075516
2016-09-14,14.13,0.0005246136075516
2016-09-15,14.13,0.0005246136075516
2016-09-16,14.13,0.0005246136075516
2016-09-19,14.13,0.0005246136075516
2016-09-20,14.13,0.0005246136075516
2016-09-21,14.13,0.0005246136075516
2016-09-22,14.13,0.0005246136075516
2016-09-23,14.13,0.0005246136075516
2016-09-26,14.13,0.0005246136075516
2016-09-27,14.13,0.0005246136075516
2016-09-28,14.13,0.0005246136075516
2016-09-29,14.13,0.0005246136075516
2016-09-30,14.13,0.0005246136075516
2016-10-03,14.13,0.0005246136075516
2016-10-04,14.13,0.0005246136075516
2016-10-05,14.13,0.0005246136075516
2016-10-06,14.13,0.0005246136075516
2016-10-07,14.13,0.0005246136075516
2016-10-10,14.13,0.0005246136075516
2016-10-11,14.13,0.0005246136075516
2016-10-13,14.13,0.0005246136075516
2016-10-14,14.13,0.0005246136075516
2016-10-17,14.13,0.0005246136075516
2016-10-18,14.13,0.0005246136075516
2016-10-19,14.13,0.0005246136075516
2016-10-20,13.88,0.0005159071471232
2016-10-21,13.88,0.0005159071471232
2016-10-24,13.88,0.0005159071471232
2016-10-25,13.88,0.0005159071471232
2016-10-26,13.88,0.0005159071471232
2016-10-27,13.88,0.0005159071471232
2016-10-28,13.88,0.0005159071471232
2016-10-31,13.88,0.0005159071471232
2016-11-01,13.88,0.0005159071471232
2016-11-03,13.88,0.0005159071471232
2016-11-04,13.88,0.0005159071471232
2016-11-07,13.88,0.0005159071471232
2016-11-08,13.88,0.0005159071471232
2016-11-09,13.88,0.0005159071471232
2016-11-10,13.88,0.0005159071471232
2016-11-11,13.88,0.0005159071471232
2016-11-14,13.88,0.0005159071471232
2016-11-16,13.88,0.0005159071471232
2016-11-17,13.88,0.0005159071471232
2016-11-18,13.88,0.0005159071471232
2016-11-21,13.88,0.0005159071471232
2016-11-22,13.88,0.0005159071471232
2016-11-23,13.88,0.0005159071471232
2016-11-24,13.88,0.0005159071471232
2016-11-25,13.88,0.0005159071471232
2016-11-28,13.88,0.0005159071471232
2016-11-29,13.88,0.0005159071471232
2016-11-30,13.88,0.0005159071471232
2016-12-01,13.63,0.0005071816284554
2016-12-02,13.63,0.0005071816284554
2016-12-05,13.63,0.0005071816284554
2016-12-06,13.63,0.0005071816284554
2016-12-07,13.63,0.0005071816284554
2016-12-08,13.63,0.0005071816284554
2016-12-09,13.63,0.0005071816284554
2016-12-12,13.63,0.0005071816284554
2016-12-13,13.63,0.0005071816284554
2016-12-14,13.63,0.0005071816284554
2016-12-15,13.63,0.0005071816284554
2016-12-16,13.63,0.0005071816284554
2016-12-19,13.63,0.0005071816284554
2016-12-20,13.63,0.0005071816284554
2016-12-21,13.63,0.0005071816284554
2016-12-22,13.63,0.0005071816284554
2016-12-23,13.63,0.0005071816284554
2016-12-26,13.63,0.0005071816284554
2016-12-27,13.63,0.0005071816284554
2016-12-28,13.63,0.0005071816284554
2016-12-29,13.63,0.0005071816284554
2016-12-30,13.63,0.0005071816284554
2017-01-02,13.63,0.0005071816284554
2017-01-03,13.63,0.0005071816284554
2017-01-04,13.63,0.0005071816284554
2017-01-05,13.63,0.0005071816284554
2017-01-06,13.63,0.0005071816284554
2017-01-09,13.63,0.0005071816284554
2017-01-10,13.63,0.0005071816284554
2017-01-11,13.63,0.0005071816284554
2017-01-12,12.88,0.0004808898823743
2017-01-13,12.88,0.0004808898823743
2017-01-16,12.88,0.0004808898823743
2017-01-17,12.88,0.0004808898823743
2017-01-18,12.88,0.0004808898823743
2017-01-19,12.88,0.0004808898823743
2017-01-20,12.88,0.0004808898823743
2017-01-23,12.88,0.0004808898823743
2017-01-24,12.88,0.0004808898823743
2017-01-25,12.88,0.0004808898823743
2017-01-26,12.88,0.0004808898823743
2017-01-27,12.88,0.0004808898823743
2017-01-30,12.88,0.0004808898823743
2017-01-31,12.88,0.0004808898823743
2017-02-01,12.88,0.0004808898823743
2017-02-02,12.88,0.0004808898823743
2017-02-03,12.88,0.0004808898823743
2017-02-06,12.88,0.0004808898823743
2017-02-07,12.88,0.0004808898823743
2017-02-08,12.88,0.0004808898823743
2017-02-09,12.88,0.0004808898823743
2017-02-10,12.88,0.0004808898823743
2017-02-13,12.88,0.0004808898823743
2017-02-14,12.88,0.0004808898823743
2017-02-15,12.88,0.0004808898823743
2017-02-16,12.88,0.0004808898823743
2017-02-17,12.88,0.0004808898823743
2017-02-20,12.88,0.0004808898823743
2017-02-21,12.88,0.0004808898823743
2017-02-22,12.88,0.0004808898823743
2017-02-23,12.13,0.0004544235623112
2017-02-24,12.13,0.0004544235623112
2017-03-01,12.13,0.0004544235623112
2017-03-02,12.13,0.0004544235623112
2017-03-03,12.13,0.0004544235623112
2017-03-06,12.13,0.0004544235623112
2017-03-07,12.13,0.0004544235623112
2017-03-08,12.13,0.0004544235623112
2017-03-09,12.13,0.0004544235623112
2017-03-10,12.13,0.0004544235623112
2017-03-13,12.13,0.0004544235623112
2017-03-14,12.13,0.0004544235623112
2017-03-15,12.13,0.0004544235623112
2017-03-16,12.13,0.0004544235623112
2017-03-17,12.13,0.0004544235623112
2017-03-20,12.13,0.0004544235623112
2017-03-21,12.13,0.0004544235623112
2017-03-22,12.13,0.0004544235623112
2017-03-23,12.13,0.0004544235623112
2017-03-24,12.13,0.0004544235623112
2017-03-27,12.13,0.0004544235623112
2017-03-28,12.13,0.0004544235623112
2017-03-29,12.13,0.0004544235623112
2017-03-30,12.13,0.0004544235623112
2017-03-31,12.13,0.0004544235623112
2017-04-03,12.13,0.0004544235623112
2017-04-04,12.13,0.0004544235623112
2017-04-05,12.13,0.0004544235623112
2017-04-06,12.13,0.0004544235623112
2017-04-07,12.13,0.0004544235623112
2017-04-10,12.13,0.0004544235623112
2017-04-11,12.13,0.0004544235623112
2017-04-12,12.13,0.0004544235623112
2017-04-13,11.13,0.0004188595273604
2017-04-17,11.13,0.0004188595273604
2017-04-18,11.13,0.0004188595273604
2017-04-19,11.13,0.0004188595273604
2017-04-20,11.13,0.0004188595273604
2017-04-24,11.13,0.0004188595273604
2017-04-25,11.13,0.0004188595273604
2017-04-26,11.13,0.0004188595273604
2017-04-27,11.13,0.0004188595273604
2017-04-28,11.13,0.0004188595273604
2017-05-02,11.13,0.0004188595273604
2017-05-03,11.13,0.0004188595273604
2017-05-04,11.13,0.0004188595273604
2017-05-05,11.13,0.0004188595273604
2017-05-08,11.13,0.0004188595273604
2017-05-09,11.13,0.0004188595273604
2017-05-10,11.13,0.0004188595273604
2017-05-11,11.13,0.0004188595273604
2017-05-12,11.13,0.0004188595273604
2017-05-15,11.13,0.0004188595273604
2017-05-16,11.13,0.0004188595273604
2017-05-17,11.13,0.0004188595273604
2017-05-18,11.13,0.0004188595273604
2017-05-19,11.13,0.0004188595273604
2017-05-22,11.13,0.0004188595273604
2017-05-23,11.13,0.0004188595273604
2017-05-24,11.13,0.0004188595273604
2017-05-25,11.13,0.0004188595273604
2017-05-26,11.13,0.0004188595273604
2017-05-29,11.13,0.0004188595273604
2017-05-30,11.13,0.0004188595273604
2017-05-31,11.13,0.0004188595273604
2017-06-01,10.14,0.000383335747417
2017-06-02,10.14,0.000383335747417
2017-06-05,10.14,0.000383335747417
2017-06-06,10.14,0.000383335747417
2017-06-07,10.14,0.000383335747417
2017-06-08,10.14,0.000383335747417
2017-06-09,10.14,0.000383335747417
2017-06-12,10.14,0.000383335747417
2017-06-13,10.14,0.000383335747417
2017-06-14,10.14,0.000383335747417
2017-06-16,10.14,0.000383335747417
2017-06-19,10.14,0.000383335747417
2017-06-20,10.14,0.000383335747417
2017-06-21,10.14,0.000383335747417
2017-06-22,10.14,0.000383335747417
2017-06-23,10.14,0.000383335747417
2017-06-26,10.14,0.000383335747417
2017-06-27,10.14,0.000383335747417
2017-06-28,10.14,0.000383335747417
2017-06-29,10.14,0.000383335747417
2017-06-30,10.14,0.000383335747417
2017-07-03,10.14,0.000383335747417
2017-07-04,10.14,0.000383335747417
2017-07-05,10.14,0.000383335747417
2017-07-06,10.14,0.000383335747417
2017-07-07,10.14,0.000383335747417
2017-07-10,10.14,0.000383335747417
2017-07-11,10.14,0.000383335747417
2017-07-12,10.14,0.000383335747417
2017-07-13,10.14,0.000383335747417
2017-07-14,10.14,0.000383335747417
2017-07-17,10.14,0.000383335747417
2017-07-18,10.14,0.000383335747417
2017-07-19,10.14,0.000383335747417
2017-07-20,10.14,0.000383335747417
2017-07-21,10.14,0.000383335747417
2017-07-24,10.14,0.000383335747417
2017-07-25,10.14,0.000383335747417
2017-07-26,10.14,0.000383335747417
2017-07-27,9.14,0.000347128789902
2017-07-28,9.14,0.000347128789902
2017-07-31,9.14,0.000347128789902
2017-08-01,9.14,0.000347128789902
2017-08-02,9.14,0.000347128789902
2017-08-03,9.14,0.000347128789902
2017-08-04,9.14,0.000347128789902
2017-08-07,9.14,0.000347128789902
2017-08-08,9.14,0.000347128789902
2017-08-09,9.14,0.000347128789902
2017-08-10,9.14,0.000347128789902
2017-08-11,9.14,0.000347128789902
2017-08-14,9.14,0.000347128789902
2017-08-15,9.14,0.000347128789902
2017-08-16,9.14,0.000347128789902
2017-08-17,9.14,0.000347128789902
2017-08-18,9.14,0.000347128789902
2017-08-21,9.14,0.000347128789902
2017-08-22,9.14,0.000347128789902
2017-08-23,9.14,0.000347128789902
2017-08-24,9.14,0.000347128789902
2017-08-25,9.14,0.000347128789902
2017-08-28,9.14,0.000347128789902
2017-08-29,9.14,0.000347128789902
2017-08-30,9.14,0.000347128789902
2017-08-31,9.14,0.000347128789902
2017-09-01,9.14,0.000347128789902
2017-09-04,9.14,0.000347128789902
2017-09-05,9.14,0.000347128789902
2017-09-06,9.14,0.000347128789902
2017-09-08,8.14,0.0003105898816469
2017-09-11,8.14,0.0003105898816469
2017-09-12,8.14,0.0003105898816469
2017-09-13,8.14,0.0003105898816469
2017-09-14,8.14,0.0003105898816469
2017-09-15,8.14,0.0003105898816469
2017-09-18,8.14,0.0003105898816469
2017-09-19,8.14,0.0003105898816469
2017-09-20,8.14,0.0003105898816469
2017-09-21,8.14,0.0003105898816469
2017-09-22,8.14,0.0003105898816469
2017-09-25,8.14,0.0003105898816469
2017-09-26,8.14,0.0003105898816469
2017-09-27,8.14,0.0003105898816469
2017-09-28,8.14,0.0003105898816469
2017-09-29,8.14,0.0003105898816469
2017-10-02,8.14,0.0003105898816469
2017-10-03,8.14,0.0003105898816469
2017-10-04,8.14,0.0003105898816469
2017-10-05,8.14,0.0003105898816469
2017-10-06,8.14,0.0003105898816469
2017-10-09,8.14,0.0003105898816469
2017-10-10,8.14,0.0003105898816469
2017-10-11,8.14,0.0003105898816469
2017-10-13,8.14,0.0003105898816469
2017-10-16,8.14,0.0003105898816469
2017-10-17,8.14,0.0003105898816469
2017-10-18,8.14,0.0003105898816469
2017-10-19,8.14,0.0003105898816469
2017-10-20,8.14,0.0003105898816469
2017-10-23,8.14,0.0003105898816469
2017-10-24,8.14,0.0003105898816469
2017-10-25,8.14,0.0003105898816469
2017-10-26,7.39,0.0002829641612603
2017-10-27,7.39,0.0002829641612603
2017-10-30,7.39,0.0002829641612603
2017-10-31,7.39,0.0002829641612603
2017-11-01,7.39,0.0002829641612603
2017-11-03,7.39,0.0002829641612603
2017-11-06,7.39,0.0002829641612603
2017-11-07,7.39,0.0002829641612603
2017-11-08,7.39,0.0002829641612603
2017-11-09,7.39,0.0002829641612603
2017-11-10,7.39,0.0002829641612603
2017-11-13,7.39,0.0002829641612603
2017-11-14,7.39,0.0002829641612603
2017-11-16,7.39,0.0002829641612603
2017-11-17,7.39,0.0002829641612603
2017-11-20,7.39,0.0002829641612603
2017-11-21,7.39,0.0002829641612603
2017-11-22,7.39,0.0002829641612603
2017-11-23,7.39,0.0002829641612603
2017-11-24,7.39,0.0002829641612603
2017-11-27,7.39,0.0002829641612603
2017-11-28,7.39,0.0002829641612603
2017-11-29,7.39,0.0002829641612603
2017-11-30,7.39,0.0002829641612603
2017-12-01,7.39,0.0002829641612603
2017-12-04,7.39,0.0002829641612603
2017-12-05,7.39,0.0002829641612603
2017-12-06,7.39,0.0002829641612603
2017-12-07,6.89,0.0002644400465897
2017-12-08,6.89,0.0002644400465897
2017-12-11,6.89,0.0002644400465897
2017-12-12,6.89,0.0002644400465897
2017-12-13,6.89,0.0002644400465897
2017-12-14,6.89,0.0002644400465897
2017-12-15,6.89,0.0002644400465897
2017-12-18,6.89,0.0002644400465897
2017-12-19,6.89,0.0002644400465897
2017-12-20,6.89,0.0002644400465897
2017-12-21,6.89,0.0002644400465897
2017-12-22,6.89,0.0002644400465897
2017-12-26,6.89,0.0002644400465897
2017-12-27,6.89,0.0002644400465897
2017-12-28,6.89,0.0002644400465897
2017-12-29,6.89,0.0002644400465897
2018-01-02,6.89,0.0002644400465897
2018-01-03,6.89,0.0002644400465897
2018-01-04,6.89,0.0002644400465897
2018-01-05,6.89,0.0002644400465897
2018-01-08,6.89,0.0002644400465897
2018-01-09,6.89,0.0002644400465897
2018-01-10,6.89,0.0002644400465897
2018-01-11,6.89,0.0002644400465897
2018-01-12,6.89,0.0002644400465897
2018-01-15,6.89,0.0002644400465897
2018-01-16,6.89,0.0002644400465897
2018-01-17,6.89,0.0002644400465897
2018-01-18,6.89,0.0002644400465897
2018-01-19,6.89,0.0002644400465897
2018-01-22,6.89,0.0002644400465897
2018-01-23,6.89,0.0002644400465897
2018-01-24,6.89,0.0002644400465897
2018-01-25,6.89,0.0002644400465897
2018-01-26,6.89,0.0002644400465897
2018-01-29,6.89,0.0002644400465897
2018-01-30,6.89,0.0002644400465897
2018-01-31,6.89,0.0002644400465897
2018-02-01,6.89,0.0002644400465897
2018-02-02,6.89,0.0002644400465897
2018-02-05,6.89,0.0002644400465897
2018-02-06,6.89,0.0002644400465897
2018-02-07,6.89,0.0002644400465897
2018-02-08,6.64,0.0002551455991915
2018-02-09,6.64,0.0002551455991915
2018-02-14,6.64,0.0002551455991915
2018-02-15,6.64,0.0002551455991915
2018-02-16,6.64,0.0002551455991915
2018-02-19,6.64,0.0002551455991915
2018-02-20,6.64,0.0002551455991915
2018-02-21,6.64,0.0002551455991915
2018-02-22,6.64,0.0002551455991915
2018-02-23,6.64,0.0002551455991915
2018-02-26,6.64,0.0002551455991915
2018-02-27,6.64,0.0002551455991915
2018-02-28,6.64,0.0002551455991915
2018-03-01,6.64,0.0002551455991915
2018-03-02,6.64,0.0002551455991915
2018-03-05,6.64,0.0002551455991915
2018-03-06,6.64,0.0002551455991915
2018-03-07,6.64,0.0002551455991915
2018-03-08,6.64,0.0002551455991915
2018-03-09,6.64,0.0002551455991915
2018-03-12,6.64,0.0002551455991915
2018-03-13,6.64,0.0002551455991915
2018-03-14,6.64,0.0002551455991915
2018-03-15,6.64,0.0002551455991915
2018-03-16,6.64,0.0002551455991915
2018-03-19,6.64,0.0002551455991915
2018-03-20,6.64,0.0002551455991915
2018-03-21,6.64,0.0002551455991915
2018-03-22,6.39,0.0002458294235628
2018-03-23,6.39,0.0002458294235628
2018-03-26,6.39,0.0002458294235628
2018-03-27,6.39,0.0002458294235628
2018-03-28,6.39,0.0002458294235628
2018-03-29,6.39,0.0002458294235628
2018-04-02,6.39,0.0002458294235628
2018-04-03,6.39,0.0002458294235628
2018-04-04,6.39,0.0002458294235628
2018-04-05,6.39,0.0002458294235628
2018-04-06,6.39,0.0002458294235628
2018-04-09,6.39,0.0002458294235628
2018-04-10,6.39,0.0002458294235628
2018-04-11,6.39,0.0002458294235628
2018-04-12,6.39,0.0002458294235628
2018-04-13,6.39,0.0002458294235628
2018-04-16,6.39,0.0002458294235628
2018-04-17,6.39,0.0002458294235628
2018-04-18,6.39,0.0002458294235628
2018-04-19,6.39,0.0002458294235628
2018-04-20,6.39,0.0002458294235628
2018-04-23,6.39,0.0002458294235628
2018-04-24,6.39,0.0002458294235628
2018-04-25,6.39,0.0002458294235628
2018-04-26,6.39,0.0002458294235628
2018-04-27,6.39,0.0002458294235628
2018-04-30,6.39,0.0002458294235628
2018-05-02,6.39,0.0002458294235628
2018-05-03,6.39,0.0002458294235628
2018-05-04,6.39,0.0002458294235628
2018-05-07,6.39,0.0002458294235628
2018-05-08,6.39,0.0002458294235628
2018-05-09,6.39,0.0002458294235628
2018-05-10,6.39,0.0002458294235628
2018-05-11,6.39,0.0002458294235628
2018-05-14,6.39,0.0002458294235628
2018-05-15,6.39,0.0002458294235628
2018-05-16,6.39,0.0002458294235628
2018-05-17,6.39,0.0002458294235628
2018-05-18,6.39,0.0002458294235628
2018-05-21,6.39,0.0002458294235628
2018-05-22,6.39,0.0002458294235628
2018-05-23,6.39,0.0002458294235628
2018-05-24,6.39,0.0002458294235628
2018-05-25,6.39,0.0002458294235628
2018-05-28,6.39,0.0002458294235628
2018-05-29,6.39,0.0002458294235628
2018-05-30,6.39,0.0002458294235628
2018-06-01,6.39,0.0002458294235628
2018-06-04,6.39,0.0002458294235628
2018-06-05,6.39,0.0002458294235628
2018-06-06,6.39,0.0002458294235628
2018-06-07,6.39,0.0002458294235628
2018-06-08,6.39,0.0002458294235628
2018-06-11,6.39,0.0002458294235628
2018-06-12,6.39,0.0002458294235628
2018-06-13,6.39,0.0002458294235628
2018-06-14,6.39,0.0002458294235628
2018-06-15,6.39,0.0002458294235628
2018-06-18,6.39,0.0002458294235628
2018-06-19,6.39,0.0002458294235628
2018-06-20,6.39,0.0002458294235628
2018-06-21,6.39,0.0002458294235628
2018-06-22,6.39,0.0002458294235628
2018-06-25,6.39,0.0002458294235628
2018-06-26,6.39,0.0002458294235628
2018-06-27,6.39,0.0002458294235628
2018-06-28,6.39,0.0002458294235628
2018-06-29,6.39,0.0002458294235628
2018-07-02,6.39,0.0002458294235628
2018-07-03,6.39,0.0002458294235628
2018-07-04,6.39,0.0002458294235628
2018-07-05,6.39,0.0002458294235628
2018-07-06,6.39,0.0002458294235628
2018-07-09,6.39,0.0002458294235628
2018-07-10,6.39,0.0002458294235628
2018-07-11,6.39,0.0002458294235628
2018-07-12,6.39,0.0002458294235628
2018-07-13,6.39,0.0002458294235628
2018-07-16,6.39,0.0002458294235628
2018-07-17,6.39,0.0002458294235628
2018-07-18,6.39,0.0002458294235628
2018-07-19,6.39,0.0002458294235628
2018-07-20,6.39,0.0002458294235628
2018-07-23,6.39,0.0002458294235628
2018-07-24,6.39,0.0002458294235628
2018-07-25,6.39,0.0002458294235628
2018-07-26,6.39,0.0002458294235628
2018-07-27,6.39,0.0002458294235628
2018-07-30,6.39,0.0002458294235628
2018-07-31,6.39,0.0002458294235628
2018-08-01,6.39,0.0002458294235628
2018-08-02,6.39,0.0002458294235628
2018-08-03,6.39,0.0002458294235628
2018-08-06,6.39,0.0002458294235628
2018-08-07,6.39,0.0002458294235628
2018-08-08,6.39,0.0002458294235628
2018-08-09,6.39,0.0002458294235628
2018-08-10,6.39,0.0002458294235628
2018-08-13,6.39,0.0002458294235628
2018-08-14,6.39,0.0002458294235628
2018-08-15,6.39,0.0002458294235628
2018-08-16,6.39,0.0002458294235628
2018-08-17,6.39,0.0002458294235628
2018-08-20,6.39,0.0002458294235628
2018-08-21,6.39,0.0002458294235628
2018-08-22,6.39,0.0002458294235628
2018-08-23,6.39,0.0002458294235628
2018-08-24,6.39,0.0002458294235628
2018-08-27,6.39,0.0002458294235628
2018-08-28,6.39,0.0002458294235628
2018-08-29,6.39,0.0002458294235628
2018-08-30,6.39,0.0002458294235628
2018-08-31,6.39,0.0002458294235628
2018-09-03,6.39,0.0002458294235628
2018-09-04,6.39,0.0002458294235628
2018-09-05,6.39,0.0002458294235628
2018-09-06,6.39,0.0002458294235628
2018-09-10,6.39,0.0002458294235628
2018-09-11,6.39,0.0002458294235628
2018-09-12,6.39,0.0002458294235628
2018-09-13,6.39,0.0002458294235628
2018-09-14,6.39,0.0002458294235628
2018-09-17,6.39,0.0002458294235628
2018-09-18,6.39,0.0002458294235628
2018-09-19,6.39,0.0002458294235628
2018-09-20,6.39,0.0002458294235628
2018-09-21,6.39,0.0002458294235628
2018-09-24,6.39,0.0002458294235628
2018-09-25,6.39,0.0002458294235628
2018-09-26,6.39,0.0002458294235628
2018-09-27,6.39,0.0002458294235628
2018-09-28,6.39,0.0002458294235628
2018-10-01,6.4,0.0002462024890475
2018-10-02,6.4,0.0002462024890475
2018-10-03,6.4,0.0002462024890475
2018-10-04,6.4,0.0002462024890475
2018-10-05,6.4,0.0002462024890475
2018-10-08,6.4,0.0002462024890475
2018-10-09,6.4,0.0002462024890475
2018-10-10,6.4,0.0002462024890475
2018-10-11,6.4,0.0002462024890475
2018-10-15,6.4,0.0002462024890475
2018-10-16,6.4,0.0002462024890475
2018-10-17,6.4,0.0002462024890475
2018-10-18,6.4,0.0002462024890475
2018-10-19,6.4,0.0002462024890475
2018-10-22,6.4,0.0002462024890475
2018-10-23,6.4,0.0002462024890475
2018-10-24,6.4,0.0002462024890475
2018-10-25,6.4,0.0002462024890475
2018-10-26,6.4,0.0002462024890475
2018-10-29,6.4,0.0002462024890475
2018-10-30,6.4,0.0002462024890475
2018-10-31,6.4,0.0002462024890475
2018-11-01,6.4,0.0002462024890475
2018-11-05,6.4,0.0002462024890475
2018-11-06,6.4,0.0002462024890475
2018-11-07,6.4,0.0002462024890475
2018-11-08,6.4,0.0002462024890475
2018-11-09,6.4,0.0002462024890475
2018-11-12,6.4,0.0002462024890475
2018-11-13,6.4,0.0002462024890475
2018-11-14,6.4,0.0002462024890475
2018-11-16,6.4,0.0002462024890475
2018-11-19,6.4,0.0002462024890475
2018-11-20,6.4,0.0002462024890475
2018-11-21,6.4,0.0002462024890475
2018-11-22,6.4,0.0002462024890475
2018-11-23,6.4,0.0002462024890475
2018-11-26,6.4,0.0002462024890475
2018-11-27,6.4,0.0002462024890475
2018-11-28,6.4,0.0002462024890475
2018-11-29,6.4,0.0002462024890475
2018-11-30,6.4,0.0002462024890475
2018-12-03,6.4,0.0002462024890475
2018-12-04,6.4,0.0002462024890475
2018-12-05,6.4,0.0002462024890475
2018-12-06,6.4,0.0002462024890475
2018-12-07,6.4,0.0002462024890475
2018-12-10,6.4,0.0002462024890475
2018-12-11,6.4,0.0002462024890475
2018-12-12,6.4,0.0002462024890475
2018-12-13,6.4,0.0002462024890475
2018-12-14,6.4,0.0002462024890475
2018-12-17,6.4,0.0002462024890475
2018-12-18,6.4,0.0002462024890475
2018-12-19,6.4,0.0002462024890475
2018-12-20,6.4,0.0002462024890475
2018-12-21,6.4,0.0002462024890475
2018-12-24,6.4,0.0002462024890475
2018-12-26,6.4,0.0002462024890475
2018-12-27,6.4,0.0002462024890475
2018-12-28,6.4,0.0002462024890475
2018-12-31,6.4,0.0002462024890475
2019-01-02,6.4,0.0002462024890475
2019-01-03,6.4,0.0002462024890475
2019-01-04,6.4,0.0002462024890475
2019-01-07,6.4,0.0002462024890475
2019-01-08,6.4,0.0002462024890475
2019-01-09,6.4,0.0002462024890475
2019-01-10,6.4,0.0002462024890475
2019-01-11,6.4,0.0002462024890475
2019-01-14,6.4,0.0002462024890475
2019-01-15,6.4,0.0002462024890475
2019-01-16,6.4,0.0002462024890475
2019-01-17,6.4,0.0002462024890475
2019-01-18,6.4,0.0002462024890475
2019-01-21,6.4,0.0002462024890475
2019-01-22,6.4,0.0002462024890475
2019-01-23,6.4,0.0002462024890475
2019-01-24,6.4,0.0002462024890475
2019-01-25,6.4,0.0002462024890475
2019-01-28,6.4,0.0002462024890475
2019-01-29,6.4,0.0002462024890475
2019-01-30,6.4,0.0002462024890475
2019-01-31,6.4,0.0002462024890475
2019-02-01,6.4,0.0002462024890475
2019-02-04,6.4,0.0002462024890475
2019-02-05,6.4,0.0002462024890475
2019-02-06,6.4,0.0002462024890475
2019-02-07,6.4,0.0002462024890475
2019-02-08,6.4,0.0002462024890475
2019-02-11,6.4,0.0002462024890475
2019-02-12,6.4,0.0002462024890475
2019-02-13,6.4,0.0002462024890475
2019-02-14,6.4,0.0002462024890475
2019-02-15,6.4,0.0002462024890475
2019-02-18,6.4,0.0002462024890475
2019-02-19,6.4,0.0002462024890475
2019-02-20,6.4,0.0002462024890475
2019-02-21,6.4,0.0002462024890475
2019-02-22,6.4,0.0002462024890475
2019-02-25,6.4,0.0002462024890475
2019-02-26,6.4,0.0002462024890475
2019-02-27,6.4,0.0002462024890475
2019-02-28,6.4,0.0002462024890475
2019-03-01,6.4,0.0002462024890475
2019-03-06,6.4,0.0002462024890475
2019-03-07,6.4,0.0002462024890475
2019-03-08,6.4,0.0002462024890475
2019-03-11,6.4,0.0002462024890475
2019-03-12,6.4,0.0002462024890475
2019-03-13,6.4,0.0002462024890475
2019-03-14,6.4,0.0002462024890475
2019-03-15,6.4,0.0002462024890475
2019-03-18,6.4,0.0002462024890475
2019-03-19,6.4,0.0002462024890475
2019-03-20,6.4,0.0002462024890475
2019-03-21,6.4,0.0002462024890475
2019-03-22,6.4,0.0002462024890475
2019-03-25,6.4,0.0002462024890475
2019-03-26,6.4,0.0002462024890475
2019-03-27,6.4,0.0002462024890475
2019-03-28,6.4,0.0002462024890475
2019-03-29,6.4,0.0002462024890475
2019-04-01,6.4,0.0002462024890475
2019-04-02,6.4,0.0002462024890475
2019-04-03,6.4,0.0002462024890475
2019-04-04,6.4,0.0002462024890475
2019-04-05,6.4,0.0002462024890475
2019-04-08,6.4,0.0002462024890475
2019-04-09,6.4,0.0002462024890475
2019-04-10,6.4,0.0002462024890475
2019-04-11,6.4,0.0002462024890475
2019-04-12,6.4,0.0002462024890475
2019-04-15,6.4,0.0002462024890475
2019-04-16,6.4,0.0002462024890475
2019-04-17,6.4,0.0002462024890475
2019-04-18,6.4,0.0002462024890475
2019-04-22,6.4,0.0002462024890475
2019-04-23,6.4,0.0002462024890475
2019-04-24,6.4,0.0002462024890475
2019-04-25,6.4,0.0002462024890475
2019-04-26,6.4,0.0002462024890475
2019-04-29,6.4,0.0002462024890475
2019-04-30,6.4,0.0002462024890475
2019-05-02,6.4,0.0002462024890475
2019-05-03,6.4,0.0002462024890475
2019-05-06,6.4,0.0002462024890475
2019-05-07,6.4,0.0002462024890475
2019-05-08,6.4,0.0002462024890475
2019-05-09,6.4,0.0002462024890475
2019-05-10,6.4,0.0002462024890475
2019-05-13,6.4,0.0002462024890475
2019-05-14,6.4,0.0002462024890475
2019-05-15,6.4,0.0002462024890475
2019-05-16,6.4,0.0002462024890475
2019-05-17,6.4,0.0002462024890475
2019-05-20,6.4,0.0002462024890475
2019-05-21,6.4,0.0002462024890475
2019-05-22,6.4,0.0002462024890475
2019-05-23,6.4,0.0002462024890475
2019-05-24,6.4,0.0002462024890475
2019-05-27,6.4,0.0002462024890475
2019-05-28,6.4,0.0002462024890475
2019-05-29,6.4,0.0002462024890475
2019-05-30,6.4,0.0002462024890475
2019-05-31,6.4,0.0002462024890475
2019-06-03,6.4,0.0002462024890475
2019-06-04,6.4,0.0002462024890475
2019-06-05,6.4,0.0002462024890475
2019-06-06,6.4,0.0002462024890475
2019-06-07,6.4,0.0002462024890475
2019-06-10,6.4,0.0002462024890475
2019-06-11,6.4,0.0002462024890475
2019-06-12,6.4,0.0002462024890475
2019-06-13,6.4,0.0002462024890475
2019-06-14,6.4,0.0002462024890475
2019-06-17,6.4,0.0002462024890475
2019-06-18,6.4,0.0002462024890475
2019-06-19,6.4,0.0002462024890475
2019-06-21,6.4,0.0002462024890475
2019-06-24,6.4,0.0002462024890475
2019-06-25,6.4,0.0002462024890475
2019-06-26,6.4,0.0002462024890475
2019-06-27,6.4,0.0002462024890475
2019-06-28,6.4,0.0002462024890475
2019-07-01,6.4,0.0002462024890475
2019-07-02,6.4,0.0002462024890475
2019-07-03,6.4,0.0002462024890475
2019-07-04,6.4,0.0002462024890475
2019-07-05,6.4,0.0002462024890475
2019-07-08,6.4,0.0002462024890475
2019-07-09,6.4,0.0002462024890475
2019-07-10,6.4,0.0002462024890475
2019-07-11,6.4,0.0002462024890475
2019-07-12,6.4,0.0002462024890475
2019-07-15,6.4,0.0002462024890475
2019-07-16,6.4,0.0002462024890475
2019-07-17,6.4,0.0002462024890475
2019-07-18,6.4,0.0002462024890475
2019-07-19,6.4,0.0002462024890475
2019-07-22,6.4,0.0002462024890475
2019-07-23,6.4,0.0002462024890475
2019-07-24,6.4,0.0002462024890475
2019-07-25,6.4,0.0002462024890475
2019-07-26,6.4,0.0002462024890475
2019-07-29,6.4,0.0002462024890475
2019-07-30,6.4,0.0002462024890475
2019-07-31,6.4,0.0002462024890475
2019-08-01,5.9,0.0002275062987258
2019-08-02,5.9,0.0002275062987258
2019-08-05,5.9,0.0002275062987258
2019-08-06,5.9,0.0002275062987258
2019-08-07,5.9,0.0002275062987258
2019-08-08,5.9,0.0002275062987258
2019-08-09,5.9,0.0002275062987258
2019-08-12,5.9,0.0002275062987258
2019-08-13,5.9,0.0002275062987258
2019-08-14,5.9,0.0002275062987258
2019-08-15,5.9,0.0002275062987258
2019-08-16,5.9,0.0002275062987258
2019-08-19,5.9,0.0002275062987258
2019-08-20,5.9,0.0002275062987258
2019-08-21,5.9,0.0002275062987258
2019-08-22,5.9,0.0002275062987258
2019-08-23,5.9,0.0002275062987258
2019-08-26,5.9,0.0002275062987258
2019-08-27,5.9,0.0002275062987258
2019-08-28,5.9,0.0002275062987258
2019-08-29,5.9,0.0002275062987258
2019-08-30,5.9,0.0002275062987258
2019-09-02,5.9,0.0002275062987258
2019-09-03,5.9,0.0002275062987258
2019-09-04,5.9,0.0002275062987258
2019-09-05,5.9,0.0002275062987258
2019-09-06,5.9,0.0002275062987258
2019-09-09,5.9,0.0002275062987258
2019-09-10,5.9,0.0002275062987258
2019-09-11,5.9,0.0002275062987258
2019-09-12,5.9,0.0002275062987258
2019-09-13,5.9,0.0002275062987258
2019-09-16,5.9,0.0002275062987258
2019-09-17,5.9,0.0002275062987258
2019-09-18,5.9,0.0002275062987258
2019-09-19,5.4,0.0002087219782871
2019-09-20,5.4,0.0002087219782871
2019-09-23,5.4,0.0002087219782871
2019-09-24,5.4,0.0002087219782871
2019-09-25,5.4,0.0002087219782871
2019-09-26,5.4,0.0002087219782871
2019-09-27,5.4,0.0002087219782871
2019-09-30,5.4,0.0002087219782871
2019-10-01,5.4,0.0002087219782871
2019-10-02,5.4,0.0002087219782871
2019-10-03,5.4,0.0002087219782871
2019-10-04,5.4,0.0002087219782871
2019-10-07,5.4,0.0002087219782871
2019-10-08,5.4,0.0002087219782871
2019-10-09,5.4,0.0002087219782871
2019-10-10,5.4,0.0002087219782871
2019-10-11,5.4,0.0002087219782871
2019-10-14,5.4,0.0002087219782871
2019-10-15,5.4,0.0002087219782871
2019-10-16,5.4,0.0002087219782871
2019-10-17,5.4,0.0002087219782871
2019-10-18,5.4,0.0002087219782871
2019-10-21,5.4,0.0002087219782871
2019-10-22,5.4,0.0002087219782871
2019-10-23,5.4,0.0002087219782871
2019-10-24,5.4,0.0002087219782871
2019-10-25,5.4,0.0002087219782871
2019-10-28,5.4,0.0002087219782871
2019-10-29,5.4,0.0002087219782871
2019-10-30,5.4,0.0002087219782871
2019-10-31,4.9,0.0001898486912606
2019-11-01,4.9,0.0001898486912606
2019-11-04,4.9,0.0001898486912606
2019-11-05,4.9,0.0001898486912606
2019-11-06,4.9,0.0001898486912606
2019-11-07,4.9,0.0001898486912606
2019-11-08,4.9,0.0001898486912606
2019-11-11,4.9,0.0001898486912606
2019-11-12,4.9,0.0001898486912606
2019-11-13,4.9,0.0001898486912606
2019-11-14,4.9,0.0001898486912606
2019-11-18,4.9,0.0001898486912606
2019-11-19,4.9,0.0001898486912606
2019-11-20,4.9,0.0001898486912606
2019-11-21,4.9,0.0001898486912606
2019-11-22,4.9,0.0001898486912606
2019-11-25,4.9,0.0001898486912606
2019-11-26,4.9,0.0001898486912606
2019-11-27,4.9,0.0001898486912606
2019-11-28,4.9,0.0001898486912606
2019-11-29,4.9,0.0001898486912606
2019-12-02,4.9,0.0001898486912606
2019-12-03,4.9,0.0001898486912606
